city,city_mean,x,density
San Francisco,-0.6159808577573086,-1,4.6957104242686106e-06
San Francisco,-0.6159808577573086,-0.99331103678929766,1.1552077859646831e-05
San Francisco,-0.6159808577573086,-0.98662207357859533,2.5902334182186627e-05
San Francisco,-0.6159808577573086,-0.97993311036789299,5.3040664032722018e-05
San Francisco,-0.6159808577573086,-0.97324414715719065,9.9537550533797565e-05
San Francisco,-0.6159808577573086,-0.96655518394648832,0.00017222116245984648
San Francisco,-0.6159808577573086,-0.95986622073578598,0.00027752030433520847
San Francisco,-0.6159808577573086,-0.95317725752508364,0.0004232329454128364
San Francisco,-0.6159808577573086,-0.94648829431438131,0.00062503306128557155
San Francisco,-0.6159808577573086,-0.93979933110367897,0.00091848926171870376
San Francisco,-0.6159808577573086,-0.93311036789297663,0.0013744404018607651
San Francisco,-0.6159808577573086,-0.9264214046822743,0.0021133786489059671
San Francisco,-0.6159808577573086,-0.91973244147157196,0.0033152962911842088
San Francisco,-0.6159808577573086,-0.91304347826086962,0.0052250604775260891
San Francisco,-0.6159808577573086,-0.90635451505016729,0.0081564017194096904
San Francisco,-0.6159808577573086,-0.89966555183946484,0.01249640338008777
San Francisco,-0.6159808577573086,-0.8929765886287625,0.018707334702772367
San Francisco,-0.6159808577573086,-0.88628762541806017,0.027318746906923822
San Francisco,-0.6159808577573086,-0.87959866220735783,0.038904565291118999
San Francisco,-0.6159808577573086,-0.87290969899665549,0.054046024686955359
San Francisco,-0.6159808577573086,-0.86622073578595316,0.073284984987027513
San Francisco,-0.6159808577573086,-0.85953177257525082,0.097069465883855816
San Francisco,-0.6159808577573086,-0.85284280936454848,0.12568959470834704
San Francisco,-0.6159808577573086,-0.84615384615384615,0.15920780107110252
San Francisco,-0.6159808577573086,-0.83946488294314381,0.19740318351422484
San Francisco,-0.6159808577573086,-0.83277591973244147,0.23976123388800658
San Francisco,-0.6159808577573086,-0.82608695652173914,0.28552729792754755
San Francisco,-0.6159808577573086,-0.8193979933110368,0.33380609477321072
San Francisco,-0.6159808577573086,-0.81270903010033446,0.38365932645790396
San Francisco,-0.6159808577573086,-0.80602006688963213,0.43416176855528493
San Francisco,-0.6159808577573086,-0.79933110367892979,0.48442293761614824
San Francisco,-0.6159808577573086,-0.79264214046822745,0.53362438425979497
San Francisco,-0.6159808577573086,-0.78595317725752512,0.58111457775127007
San Francisco,-0.6159808577573086,-0.77926421404682278,0.62654085510475188
San Francisco,-0.6159808577573086,-0.77257525083612044,0.66993180275553144
San Francisco,-0.6159808577573086,-0.76588628762541811,0.71163597844089177
San Francisco,-0.6159808577573086,-0.75919732441471566,0.75209231946314503
San Francisco,-0.6159808577573086,-0.75250836120401332,0.79151192742591436
San Francisco,-0.6159808577573086,-0.74581939799331098,0.82962143708210156
San Francisco,-0.6159808577573086,-0.73913043478260865,0.86560796338314272
San Francisco,-0.6159808577573086,-0.73244147157190631,0.89831583408855964
San Francisco,-0.6159808577573086,-0.72575250836120397,0.92662095228730623
San Francisco,-0.6159808577573086,-0.71906354515050164,0.94981495240599334
San Francisco,-0.6159808577573086,-0.7123745819397993,0.96782049151122163
San Francisco,-0.6159808577573086,-0.70568561872909696,0.98113888240448888
San Francisco,-0.6159808577573086,-0.69899665551839463,0.99055838918709771
San Francisco,-0.6159808577573086,-0.69230769230769229,0.99675990683418636
San Francisco,-0.6159808577573086,-0.68561872909698995,0.99999836946687082
San Francisco,-0.6159808577573086,-0.67892976588628762,1
San Francisco,-0.6159808577573086,-0.67224080267558528,0.99611345285435038
San Francisco,-0.6159808577573086,-0.66555183946488294,0.98762950011155815
San Francisco,-0.6159808577573086,-0.65886287625418061,0.97410556096125467
San Francisco,-0.6159808577573086,-0.65217391304347827,0.95555350888444468
San Francisco,-0.6159808577573086,-0.64548494983277593,0.93245874392818373
San Francisco,-0.6159808577573086,-0.6387959866220736,0.9057050046543893
San Francisco,-0.6159808577573086,-0.63210702341137126,0.87649322927077855
San Francisco,-0.6159808577573086,-0.62541806020066892,0.84626760720318428
San Francisco,-0.6159808577573086,-0.61872909698996659,0.81659078517162664
San Francisco,-0.6159808577573086,-0.61204013377926425,0.78892331756980971
San Francisco,-0.6159808577573086,-0.60535117056856191,0.76434492365693585
San Francisco,-0.6159808577573086,-0.59866220735785958,0.74332323489837215
San Francisco,-0.6159808577573086,-0.59197324414715724,0.72562858031249777
San Francisco,-0.6159808577573086,-0.5852842809364549,0.71042260328355744
San Francisco,-0.6159808577573086,-0.57859531772575257,0.69647034065151947
San Francisco,-0.6159808577573086,-0.57190635451505023,0.68238770524809245
San Francisco,-0.6159808577573086,-0.56521739130434789,0.66685323506440575
San Francisco,-0.6159808577573086,-0.55852842809364556,0.6487664011082247
San Francisco,-0.6159808577573086,-0.55183946488294322,0.62738425847492096
San Francisco,-0.6159808577573086,-0.54515050167224088,0.60247142430254419
San Francisco,-0.6159808577573086,-0.53846153846153855,0.57444488453568654
San Francisco,-0.6159808577573086,-0.53177257525083621,0.54442721760200141
San Francisco,-0.6159808577573086,-0.52508361204013376,0.51410844102235598
San Francisco,-0.6159808577573086,-0.51839464882943143,0.48539187492481745
San Francisco,-0.6159808577573086,-0.51170568561872909,0.45992242135266148
San Francisco,-0.6159808577573086,-0.50501672240802675,0.4386773295833642
San Francisco,-0.6159808577573086,-0.49832775919732442,0.42177572864539958
San Francisco,-0.6159808577573086,-0.49163879598662208,0.40854979294171451
San Francisco,-0.6159808577573086,-0.48494983277591974,0.39780032303150509
San Francisco,-0.6159808577573086,-0.47826086956521741,0.38811264275741547
San Francisco,-0.6159808577573086,-0.47157190635451507,0.37814542390141348
San Francisco,-0.6159808577573086,-0.46488294314381273,0.36686465490390663
San Francisco,-0.6159808577573086,-0.4581939799331104,0.35371249092666124
San Francisco,-0.6159808577573086,-0.45150501672240806,0.33867577573650182
San Francisco,-0.6159808577573086,-0.44481605351170572,0.32221154782694528
San Francisco,-0.6159808577573086,-0.43812709030100339,0.30504084124594844
San Francisco,-0.6159808577573086,-0.43143812709030105,0.28790381683962402
San Francisco,-0.6159808577573086,-0.42474916387959871,0.27139609181025109
San Francisco,-0.6159808577573086,-0.41806020066889638,0.25593884296257191
San Francisco,-0.6159808577573086,-0.41137123745819404,0.24182904240503744
San Francisco,-0.6159808577573086,-0.4046822742474917,0.22926923648854045
San Francisco,-0.6159808577573086,-0.39799331103678925,0.21832942636476332
San Francisco,-0.6159808577573086,-0.39130434782608692,0.20888881679486626
San Francisco,-0.6159808577573086,-0.38461538461538458,0.20064577960984958
San Francisco,-0.6159808577573086,-0.37792642140468224,0.19323168638448118
San Francisco,-0.6159808577573086,-0.37123745819397991,0.18637156833236962
San Francisco,-0.6159808577573086,-0.36454849498327757,0.17998895186441377
San Francisco,-0.6159808577573086,-0.35785953177257523,0.17419003055619081
San Francisco,-0.6159808577573086,-0.3511705685618729,0.16914351117432277
San Francisco,-0.6159808577573086,-0.34448160535117056,0.16493003894588565
San Francisco,-0.6159808577573086,-0.33779264214046822,0.16143790069986047
San Francisco,-0.6159808577573086,-0.33110367892976589,0.15834668468184096
San Francisco,-0.6159808577573086,-0.32441471571906355,0.15519843264387456
San Francisco,-0.6159808577573086,-0.31772575250836121,0.15152233411748506
San Francisco,-0.6159808577573086,-0.31103678929765888,0.14695962974499815
San Francisco,-0.6159808577573086,-0.30434782608695654,0.14133825379139364
San Francisco,-0.6159808577573086,-0.2976588628762542,0.13467569487571762
San Francisco,-0.6159808577573086,-0.29096989966555187,0.12712817646666955
San Francisco,-0.6159808577573086,-0.28428093645484953,0.1189263164377956
San Francisco,-0.6159808577573086,-0.27759197324414719,0.11032738458539082
San Francisco,-0.6159808577573086,-0.27090301003344486,0.1015865694095877
San Francisco,-0.6159808577573086,-0.26421404682274252,0.092932707183036908
San Francisco,-0.6159808577573086,-0.25752508361204018,0.08454133207549723
San Francisco,-0.6159808577573086,-0.25083612040133785,0.076516542021135336
San Francisco,-0.6159808577573086,-0.24414715719063551,0.068899113684707733
San Francisco,-0.6159808577573086,-0.23745819397993317,0.061702513541916394
San Francisco,-0.6159808577573086,-0.23076923076923084,0.054955437768620413
San Francisco,-0.6159808577573086,-0.22408026755852839,0.048721519408263816
San Francisco,-0.6159808577573086,-0.21739130434782605,0.043081983144427294
San Francisco,-0.6159808577573086,-0.21070234113712372,0.038093261816909481
San Francisco,-0.6159808577573086,-0.20401337792642138,0.033749025148563962
San Francisco,-0.6159808577573086,-0.19732441471571904,0.029972877550713747
San Francisco,-0.6159808577573086,-0.19063545150501671,0.026647191045496836
San Francisco,-0.6159808577573086,-0.18394648829431437,0.023659622192671835
San Francisco,-0.6159808577573086,-0.17725752508361203,0.020938317661283949
San Francisco,-0.6159808577573086,-0.1705685618729097,0.018457042077220334
San Francisco,-0.6159808577573086,-0.16387959866220736,0.016214339101068509
San Francisco,-0.6159808577573086,-0.15719063545150502,0.01420804669880197
San Francisco,-0.6159808577573086,-0.15050167224080269,0.012424869214128697
San Francisco,-0.6159808577573086,-0.14381270903010035,0.010847935166639889
San Francisco,-0.6159808577573086,-0.13712374581939801,0.009469529900071964
San Francisco,-0.6159808577573086,-0.13043478260869568,0.0082941990022718844
San Francisco,-0.6159808577573086,-0.12374581939799334,0.0073277725337672697
San Francisco,-0.6159808577573086,-0.117056856187291,0.0065596032451863389
San Francisco,-0.6159808577573086,-0.11036789297658867,0.0059498753756794948
San Francisco,-0.6159808577573086,-0.10367892976588633,0.0054306685741599432
San Francisco,-0.6159808577573086,-0.096989966555183993,0.0049223884351050299
San Francisco,-0.6159808577573086,-0.090301003344481656,0.0043595858024975511
San Francisco,-0.6159808577573086,-0.08361204013377932,0.0037147122150536205
San Francisco,-0.6159808577573086,-0.076923076923076983,0.0030080492453243087
San Francisco,-0.6159808577573086,-0.070234113712374646,0.0022984644999041516
San Francisco,-0.6159808577573086,-0.063545150501672309,0.0016597669000417302
San Francisco,-0.6159808577573086,-0.056856187290969862,0.00115467479175866
San Francisco,-0.6159808577573086,-0.050167224080267525,0.00081804404052629638
San Francisco,-0.6159808577573086,-0.043478260869565188,0.00065425644078980882
San Francisco,-0.6159808577573086,-0.036789297658862852,0.00064604950559087537
San Francisco,-0.6159808577573086,-0.030100334448160515,0.00076809798931379476
San Francisco,-0.6159808577573086,-0.023411371237458178,0.00099874255719998076
San Francisco,-0.6159808577573086,-0.016722408026755842,0.0013252284458855359
San Francisco,-0.6159808577573086,-0.010033444816053505,0.0017402512973397931
San Francisco,-0.6159808577573086,-0.0033444816053511683,0.0022308512417367333
San Francisco,-0.6159808577573086,0.0033444816053511683,0.002764877647710706
San Francisco,-0.6159808577573086,0.010033444816053505,0.0032833894052824815
San Francisco,-0.6159808577573086,0.016722408026755842,0.0037063621234459266
San Francisco,-0.6159808577573086,0.023411371237458178,0.0039528589733125235
San Francisco,-0.6159808577573086,0.030100334448160515,0.0039682752003174608
San Francisco,-0.6159808577573086,0.036789297658862852,0.0037457786717258286
San Francisco,-0.6159808577573086,0.043478260869565188,0.0033306757833497175
San Francisco,-0.6159808577573086,0.050167224080267525,0.0028047426413939534
San Francisco,-0.6159808577573086,0.056856187290969862,0.0022578306742848759
San Francisco,-0.6159808577573086,0.063545150501672198,0.0017602250816378996
San Francisco,-0.6159808577573086,0.070234113712374535,0.0013477892034743364
San Francisco,-0.6159808577573086,0.076923076923076872,0.0010241000683288309
San Francisco,-0.6159808577573086,0.083612040133779209,0.00077467999174952399
San Francisco,-0.6159808577573086,0.090301003344481545,0.0005835462282414443
San Francisco,-0.6159808577573086,0.096989966555183882,0.00044374558125027854
San Francisco,-0.6159808577573086,0.10367892976588622,0.00035893381734316621
San Francisco,-0.6159808577573086,0.11036789297658856,0.00033801090371022479
San Francisco,-0.6159808577573086,0.11705685618729089,0.00038671479459868565
San Francisco,-0.6159808577573086,0.12374581939799323,0.00049961502147602031
San Francisco,-0.6159808577573086,0.13043478260869557,0.00065528613510198801
San Francisco,-0.6159808577573086,0.1371237458193979,0.00081725564954623605
San Francisco,-0.6159808577573086,0.14381270903010024,0.00094218789927460588
San Francisco,-0.6159808577573086,0.15050167224080258,0.00099348538418858406
San Francisco,-0.6159808577573086,0.15719063545150491,0.00095452022641324887
San Francisco,-0.6159808577573086,0.16387959866220725,0.00083450893776274254
San Francisco,-0.6159808577573086,0.17056856187290959,0.00066358585187743877
San Francisco,-0.6159808577573086,0.17725752508361192,0.00047985803497737543
San Francisco,-0.6159808577573086,0.18394648829431426,0.00031553889266893511
San Francisco,-0.6159808577573086,0.1906354515050166,0.00018867236066155094
San Francisco,-0.6159808577573086,0.19732441471571893,0.00010258294233044714
San Francisco,-0.6159808577573086,0.20401337792642149,5.0716763125075623e-05
San Francisco,-0.6159808577573086,0.21070234113712383,2.2800059475411692e-05
San Francisco,-0.6159808577573086,0.21739130434782616,9.3202417464314555e-06
San Francisco,-0.6159808577573086,0.2240802675585285,3.4643657937926371e-06
San Francisco,-0.6159808577573086,0.23076923076923084,1.1709118437830931e-06
San Francisco,-0.6159808577573086,0.23745819397993317,3.5985451980696285e-07
San Francisco,-0.6159808577573086,0.24414715719063551,1.0056117309769519e-07
San Francisco,-0.6159808577573086,0.25083612040133785,2.5552447014312961e-08
San Francisco,-0.6159808577573086,0.25752508361204018,5.9037987191973961e-09
San Francisco,-0.6159808577573086,0.26421404682274252,1.2402963141707208e-09
San Francisco,-0.6159808577573086,0.27090301003344486,2.3692566997421763e-10
San Francisco,-0.6159808577573086,0.27759197324414719,4.1151847315770216e-11
San Francisco,-0.6159808577573086,0.28428093645484953,6.4991240261202014e-12
San Francisco,-0.6159808577573086,0.29096989966555187,9.3326767972443903e-13
San Francisco,-0.6159808577573086,0.2976588628762542,1.2185436991140677e-13
San Francisco,-0.6159808577573086,0.30434782608695654,1.4466283692327066e-14
San Francisco,-0.6159808577573086,0.31103678929765888,1.5615334100702839e-15
San Francisco,-0.6159808577573086,0.31772575250836121,1.5325738551225898e-16
San Francisco,-0.6159808577573086,0.32441471571906355,1.3676177276944239e-17
San Francisco,-0.6159808577573086,0.33110367892976589,1.1096308361366604e-18
San Francisco,-0.6159808577573086,0.33779264214046822,8.1857800887023275e-20
San Francisco,-0.6159808577573086,0.34448160535117056,5.4904335018296034e-21
San Francisco,-0.6159808577573086,0.3511705685618729,3.3482311199414319e-22
San Francisco,-0.6159808577573086,0.35785953177257523,1.8564517112079981e-23
San Francisco,-0.6159808577573086,0.36454849498327757,9.3585489268448415e-25
San Francisco,-0.6159808577573086,0.37123745819397991,4.2893075754934378e-26
San Francisco,-0.6159808577573086,0.37792642140468224,1.7873798788819713e-27
San Francisco,-0.6159808577573086,0.38461538461538458,6.7716535002946924e-29
San Francisco,-0.6159808577573086,0.39130434782608692,2.332480234065427e-30
San Francisco,-0.6159808577573086,0.39799331103678925,7.3043874808650791e-32
San Francisco,-0.6159808577573086,0.40468227424749159,2.0796461269317251e-33
San Francisco,-0.6159808577573086,0.41137123745819393,5.383096006739324e-35
San Francisco,-0.6159808577573086,0.41806020066889626,1.2668030964645981e-36
San Francisco,-0.6159808577573086,0.4247491638795986,2.710302094627508e-38
San Francisco,-0.6159808577573086,0.43143812709030094,5.2717547043289764e-40
San Francisco,-0.6159808577573086,0.43812709030100327,9.3222113215620712e-42
San Francisco,-0.6159808577573086,0.44481605351170561,1.4986710888047675e-43
San Francisco,-0.6159808577573086,0.45150501672240795,2.1903563114577736e-45
San Francisco,-0.6159808577573086,0.45819397993311028,2.9103265179634154e-47
San Francisco,-0.6159808577573086,0.46488294314381262,3.5154803029086227e-49
San Francisco,-0.6159808577573086,0.47157190635451496,3.8604787269321947e-51
San Francisco,-0.6159808577573086,0.47826086956521729,3.8539740118391923e-53
San Francisco,-0.6159808577573086,0.48494983277591963,3.497720879614701e-55
San Francisco,-0.6159808577573086,0.49163879598662197,2.8858113621615242e-57
San Francisco,-0.6159808577573086,0.4983277591973243,2.1644864391972448e-59
San Francisco,-0.6159808577573086,0.50501672240802664,1.4758550547995749e-61
San Francisco,-0.6159808577573086,0.51170568561872898,9.1481287408152953e-64
San Francisco,-0.6159808577573086,0.51839464882943131,5.1548782858048866e-66
San Francisco,-0.6159808577573086,0.52508361204013365,2.6405844619183363e-68
San Francisco,-0.6159808577573086,0.53177257525083599,1.2296320507347266e-70
San Francisco,-0.6159808577573086,0.53846153846153832,5.2052520226984215e-73
San Francisco,-0.6159808577573086,0.54515050167224088,2.0030781162114734e-75
San Francisco,-0.6159808577573086,0.55183946488294322,7.0071539663641333e-78
San Francisco,-0.6159808577573086,0.55852842809364556,2.2282876038373281e-80
San Francisco,-0.6159808577573086,0.56521739130434789,6.441467918146778e-83
San Francisco,-0.6159808577573086,0.57190635451505023,1.692702868424663e-85
San Francisco,-0.6159808577573086,0.57859531772575257,4.0434976667622389e-88
San Francisco,-0.6159808577573086,0.5852842809364549,8.7803656545129046e-91
San Francisco,-0.6159808577573086,0.59197324414715724,1.7331866995631577e-93
San Francisco,-0.6159808577573086,0.59866220735785958,3.1099533912481426e-96
San Francisco,-0.6159808577573086,0.60535117056856191,5.0726709719643996e-99
San Francisco,-0.6159808577573086,0.61204013377926425,7.5212898540394843e-102
San Francisco,-0.6159808577573086,0.61872909698996659,1.0137231374974034e-104
San Francisco,-0.6159808577573086,0.62541806020066892,1.2419851963147479e-107
San Francisco,-0.6159808577573086,0.63210702341137126,1.3831910653926195e-110
San Francisco,-0.6159808577573086,0.6387959866220736,1.4002814514061094e-113
San Francisco,-0.6159808577573086,0.64548494983277593,1.2885896935609462e-116
San Francisco,-0.6159808577573086,0.65217391304347827,1.0779011072413569e-119
San Francisco,-0.6159808577573086,0.65886287625418061,8.1960945499253033e-123
San Francisco,-0.6159808577573086,0.66555183946488294,5.6649704220307107e-126
San Francisco,-0.6159808577573086,0.67224080267558528,3.5591794399900527e-129
San Francisco,-0.6159808577573086,0.67892976588628762,2.0326500420064916e-132
San Francisco,-0.6159808577573086,0.68561872909698995,1.055200070459109e-135
San Francisco,-0.6159808577573086,0.69230769230769229,4.9792678627599138e-139
San Francisco,-0.6159808577573086,0.69899665551839463,2.135766123799755e-142
San Francisco,-0.6159808577573086,0.70568561872909696,8.3271905003364917e-146
San Francisco,-0.6159808577573086,0.7123745819397993,2.9512025560185312e-149
San Francisco,-0.6159808577573086,0.71906354515050164,9.5072384945649566e-153
San Francisco,-0.6159808577573086,0.72575250836120397,2.7839650619713704e-156
San Francisco,-0.6159808577573086,0.73244147157190631,7.410139667689978e-160
San Francisco,-0.6159808577573086,0.73913043478260865,1.7928396767243962e-163
San Francisco,-0.6159808577573086,0.74581939799331098,3.9428315098486846e-167
San Francisco,-0.6159808577573086,0.75250836120401332,7.8818100837262325e-171
San Francisco,-0.6159808577573086,0.75919732441471566,1.4321681261393332e-174
San Francisco,-0.6159808577573086,0.76588628762541799,2.3654385149395218e-178
San Francisco,-0.6159808577573086,0.77257525083612033,3.5512259165887405e-182
San Francisco,-0.6159808577573086,0.77926421404682267,4.8461103126110979e-186
San Francisco,-0.6159808577573086,0.785953177257525,6.0111290049018534e-190
San Francisco,-0.6159808577573086,0.79264214046822734,6.7774447028325248e-194
San Francisco,-0.6159808577573086,0.79933110367892968,6.9458043118634948e-198
San Francisco,-0.6159808577573086,0.80602006688963201,6.4703115892960973e-202
San Francisco,-0.6159808577573086,0.81270903010033435,5.4786483151849775e-206
San Francisco,-0.6159808577573086,0.81939799331103669,4.216642002530742e-210
San Francisco,-0.6159808577573086,0.82608695652173902,2.9498819713178097e-214
San Francisco,-0.6159808577573086,0.83277591973244136,1.8758006863499067e-218
San Francisco,-0.6159808577573086,0.8394648829431437,1.0842075819459321e-222
San Francisco,-0.6159808577573086,0.84615384615384603,5.6961505866435243e-227
San Francisco,-0.6159808577573086,0.85284280936454837,2.7201530861554732e-231
San Francisco,-0.6159808577573086,0.85953177257525071,1.180722114528228e-235
San Francisco,-0.6159808577573086,0.86622073578595304,4.6584789352536715e-240
San Francisco,-0.6159808577573086,0.87290969899665538,1.6706377712538494e-244
San Francisco,-0.6159808577573086,0.87959866220735772,5.4458017340239076e-249
San Francisco,-0.6159808577573086,0.88628762541806028,1.6135498485962893e-253
San Francisco,-0.6159808577573086,0.89297658862876261,4.345539017112944e-258
San Francisco,-0.6159808577573086,0.89966555183946495,1.0637640589911043e-262
San Francisco,-0.6159808577573086,0.90635451505016729,2.3669389880024169e-267
San Francisco,-0.6159808577573086,0.91304347826086962,4.7870571842222138e-272
San Francisco,-0.6159808577573086,0.91973244147157196,8.8001422102067323e-277
San Francisco,-0.6159808577573086,0.9264214046822743,1.4704491830224915e-281
San Francisco,-0.6159808577573086,0.93311036789297663,2.2333117341839663e-286
San Francisco,-0.6159808577573086,0.93979933110367897,3.0830986766713561e-291
San Francisco,-0.6159808577573086,0.94648829431438131,3.8686907349493292e-296
San Francisco,-0.6159808577573086,0.95317725752508364,4.4124407267852864e-301
San Francisco,-0.6159808577573086,0.95986622073578598,4.5743755628170378e-306
San Francisco,-0.6159808577573086,0.96655518394648832,4.3104499049037412e-311
San Francisco,-0.6159808577573086,0.97324414715719065,3.6919093922607524e-316
San Francisco,-0.6159808577573086,0.97993311036789299,2.8754620587960549e-321
San Francisco,-0.6159808577573086,0.98662207357859533,0
San Francisco,-0.6159808577573086,0.99331103678929766,0
San Francisco,-0.6159808577573086,1,0
"Washington, DC",-0.4553109941431932,-1,0.0035761131029249495
"Washington, DC",-0.4553109941431932,-0.99331103678929766,0.0054342343317026606
"Washington, DC",-0.4553109941431932,-0.98662207357859533,0.0080739574563910149
"Washington, DC",-0.4553109941431932,-0.97993311036789299,0.011734125942286322
"Washington, DC",-0.4553109941431932,-0.97324414715719065,0.016689521743570388
"Washington, DC",-0.4553109941431932,-0.96655518394648832,0.023243202683351158
"Washington, DC",-0.4553109941431932,-0.95986622073578598,0.031714216262599786
"Washington, DC",-0.4553109941431932,-0.95317725752508364,0.042420999924806017
"Washington, DC",-0.4553109941431932,-0.94648829431438131,0.0556614028834908
"Washington, DC",-0.4553109941431932,-0.93979933110367897,0.071690820395678173
"Washington, DC",-0.4553109941431932,-0.93311036789297663,0.090700305025757336
"Washington, DC",-0.4553109941431932,-0.9264214046822743,0.11279663344439469
"Washington, DC",-0.4553109941431932,-0.91973244147157196,0.13798614298396722
"Washington, DC",-0.4553109941431932,-0.91304347826086962,0.16616375639940265
"Washington, DC",-0.4553109941431932,-0.90635451505016729,0.19710808447105155
"Washington, DC",-0.4553109941431932,-0.89966555183946484,0.23048295326291041
"Washington, DC",-0.4553109941431932,-0.8929765886287625,0.26584524812503219
"Washington, DC",-0.4553109941431932,-0.88628762541806017,0.30265865419345639
"Washington, DC",-0.4553109941431932,-0.87959866220735783,0.34031269664819119
"Washington, DC",-0.4553109941431932,-0.87290969899665549,0.37814638566074948
"Washington, DC",-0.4553109941431932,-0.86622073578595316,0.41547567073145519
"Washington, DC",-0.4553109941431932,-0.85953177257525082,0.4516237412086741
"Washington, DC",-0.4553109941431932,-0.85284280936454848,0.48595295275745831
"Washington, DC",-0.4553109941431932,-0.84615384615384615,0.51789684730732366
"Washington, DC",-0.4553109941431932,-0.83946488294314381,0.54699044282991738
"Washington, DC",-0.4553109941431932,-0.83277591973244147,0.57289678618311035
"Washington, DC",-0.4553109941431932,-0.82608695652173914,0.59542774894119133
"Washington, DC",-0.4553109941431932,-0.8193979933110368,0.61455721626438675
"Washington, DC",-0.4553109941431932,-0.81270903010033446,0.63042514088269674
"Washington, DC",-0.4553109941431932,-0.80602006688963213,0.64333135994230384
"Washington, DC",-0.4553109941431932,-0.79933110367892979,0.65371857637870767
"Washington, DC",-0.4553109941431932,-0.79264214046822745,0.66214451257503026
"Washington, DC",-0.4553109941431932,-0.78595317725752512,0.66924401788399324
"Washington, DC",-0.4553109941431932,-0.77926421404682278,0.67568291283690074
"Washington, DC",-0.4553109941431932,-0.77257525083612044,0.68210656538146841
"Washington, DC",-0.4553109941431932,-0.76588628762541811,0.68908746905042284
"Washington, DC",-0.4553109941431932,-0.75919732441471566,0.69707714038921686
"Washington, DC",-0.4553109941431932,-0.75250836120401332,0.70636810742398237
"Washington, DC",-0.4553109941431932,-0.74581939799331098,0.71707130122489549
"Washington, DC",-0.4553109941431932,-0.73913043478260865,0.72911264816468846
"Washington, DC",-0.4553109941431932,-0.73244147157190631,0.74225022453333878
"Washington, DC",-0.4553109941431932,-0.72575250836120397,0.75611038915124906
"Washington, DC",-0.4553109941431932,-0.71906354515050164,0.77023844693445653
"Washington, DC",-0.4553109941431932,-0.7123745819397993,0.78415722570641011
"Washington, DC",-0.4553109941431932,-0.70568561872909696,0.79742591663104723
"Washington, DC",-0.4553109941431932,-0.69899665551839463,0.80969179692080595
"Washington, DC",-0.4553109941431932,-0.69230769230769229,0.82072887102350145
"Washington, DC",-0.4553109941431932,-0.68561872909698995,0.83045964224255209
"Washington, DC",-0.4553109941431932,-0.67892976588628762,0.83895866683327236
"Washington, DC",-0.4553109941431932,-0.67224080267558528,0.84643879782949094
"Washington, DC",-0.4553109941431932,-0.66555183946488294,0.85322279719716765
"Washington, DC",-0.4553109941431932,-0.65886287625418061,0.85970416824113316
"Washington, DC",-0.4553109941431932,-0.65217391304347827,0.86630167197649643
"Washington, DC",-0.4553109941431932,-0.64548494983277593,0.87341215344908374
"Washington, DC",-0.4553109941431932,-0.6387959866220736,0.88136612771041212
"Washington, DC",-0.4553109941431932,-0.63210702341137126,0.89039012490861402
"Washington, DC",-0.4553109941431932,-0.62541806020066892,0.90057908762850702
"Washington, DC",-0.4553109941431932,-0.61872909698996659,0.91188115761939426
"Washington, DC",-0.4553109941431932,-0.61204013377926425,0.92409602323485274
"Washington, DC",-0.4553109941431932,-0.60535117056856191,0.93688672237500414
"Washington, DC",-0.4553109941431932,-0.59866220735785958,0.94980355679647099
"Washington, DC",-0.4553109941431932,-0.59197324414715724,0.96231772791414116
"Washington, DC",-0.4553109941431932,-0.5852842809364549,0.97386156311035976
"Washington, DC",-0.4553109941431932,-0.57859531772575257,0.98387180048835798
"Washington, DC",-0.4553109941431932,-0.57190635451505023,0.99183230437847514
"Washington, DC",-0.4553109941431932,-0.56521739130434789,0.99731272989024744
"Washington, DC",-0.4553109941431932,-0.55852842809364556,1
"Washington, DC",-0.4553109941431932,-0.55183946488294322,0.99972001040459746
"Washington, DC",-0.4553109941431932,-0.54515050167224088,0.99644777780169347
"Washington, DC",-0.4553109941431932,-0.53846153846153855,0.99030531989209469
"Washington, DC",-0.4553109941431932,-0.53177257525083621,0.98154784291078856
"Washington, DC",-0.4553109941431932,-0.52508361204013376,0.9705401450551473
"Washington, DC",-0.4553109941431932,-0.51839464882943143,0.95772626503858849
"Washington, DC",-0.4553109941431932,-0.51170568561872909,0.94359605070118269
"Washington, DC",-0.4553109941431932,-0.50501672240802675,0.92865232519503071
"Washington, DC",-0.4553109941431932,-0.49832775919732442,0.91338169203274189
"Washington, DC",-0.4553109941431932,-0.49163879598662208,0.89823093489179862
"Washington, DC",-0.4553109941431932,-0.48494983277591974,0.88358974802671253
"Washington, DC",-0.4553109941431932,-0.47826086956521741,0.86977950749582089
"Washington, DC",-0.4553109941431932,-0.47157190635451507,0.85704719127520357
"Washington, DC",-0.4553109941431932,-0.46488294314381273,0.84556343492419839
"Washington, DC",-0.4553109941431932,-0.4581939799331104,0.83542395135769587
"Washington, DC",-0.4553109941431932,-0.45150501672240806,0.82665391944730526
"Washington, DC",-0.4553109941431932,-0.44481605351170572,0.81921521510826401
"Washington, DC",-0.4553109941431932,-0.43812709030100339,0.81301636003959343
"Washington, DC",-0.4553109941431932,-0.43143812709030105,0.80792477215647218
"Washington, DC",-0.4553109941431932,-0.42474916387959871,0.80378042601768773
"Washington, DC",-0.4553109941431932,-0.41806020066889638,0.80040956293849508
"Washington, DC",-0.4553109941431932,-0.41137123745819404,0.79763683074251479
"Washington, DC",-0.4553109941431932,-0.4046822742474917,0.79529432410987311
"Washington, DC",-0.4553109941431932,-0.39799331103678925,0.79322647514623068
"Washington, DC",-0.4553109941431932,-0.39130434782608692,0.79129053083341361
"Washington, DC",-0.4553109941431932,-0.38461538461538458,0.78935327424241242
"Washington, DC",-0.4553109941431932,-0.37792642140468224,0.78728547231919976
"Washington, DC",-0.4553109941431932,-0.37123745819397991,0.78495604168086996
"Washington, DC",-0.4553109941431932,-0.36454849498327757,0.78222795608320606
"Washington, DC",-0.4553109941431932,-0.35785953177257523,0.77895743001892637
"Washington, DC",-0.4553109941431932,-0.3511705685618729,0.77499699821850188
"Washington, DC",-0.4553109941431932,-0.34448160535117056,0.77020199803467737
"Washington, DC",-0.4553109941431932,-0.33779264214046822,0.76443895800723016
"Washington, DC",-0.4553109941431932,-0.33110367892976589,0.7575938029212016
"Washington, DC",-0.4553109941431932,-0.32441471571906355,0.74957780385730288
"Washington, DC",-0.4553109941431932,-0.31772575250836121,0.74032985753973024
"Washington, DC",-0.4553109941431932,-0.31103678929765888,0.72981480370213747
"Washington, DC",-0.4553109941431932,-0.30434782608695654,0.7180187595205183
"Washington, DC",-0.4553109941431932,-0.2976588628762542,0.70494348351204061
"Washington, DC",-0.4553109941431932,-0.29096989966555187,0.69060224914154555
"Washington, DC",-0.4553109941431932,-0.28428093645484953,0.67501943493446981
"Washington, DC",-0.4553109941431932,-0.27759197324414719,0.65823505295055318
"Washington, DC",-0.4553109941431932,-0.27090301003344486,0.64031397120689049
"Washington, DC",-0.4553109941431932,-0.26421404682274252,0.62135801086920828
"Washington, DC",-0.4553109941431932,-0.25752508361204018,0.60151783840217488
"Washington, DC",-0.4553109941431932,-0.25083612040133785,0.58100099338581213
"Washington, DC",-0.4553109941431932,-0.24414715719063551,0.56007271014012572
"Washington, DC",-0.4553109941431932,-0.23745819397993317,0.5390474053483163
"Washington, DC",-0.4553109941431932,-0.23076923076923084,0.51827058167969553
"Washington, DC",-0.4553109941431932,-0.22408026755852839,0.49809301597385669
"Washington, DC",-0.4553109941431932,-0.21739130434782605,0.47884094505019126
"Washington, DC",-0.4553109941431932,-0.21070234113712372,0.46078705977337192
"Washington, DC",-0.4553109941431932,-0.20401337792642138,0.44412717037223215
"Washington, DC",-0.4553109941431932,-0.19732441471571904,0.42896637940116639
"Washington, DC",-0.4553109941431932,-0.19063545150501671,0.41531673925073959
"Washington, DC",-0.4553109941431932,-0.18394648829431437,0.40310613761440584
"Washington, DC",-0.4553109941431932,-0.17725752508361203,0.39219608903402997
"Washington, DC",-0.4553109941431932,-0.1705685618729097,0.38240468902354785
"Washington, DC",-0.4553109941431932,-0.16387959866220736,0.37353049409409944
"Washington, DC",-0.4553109941431932,-0.15719063545150502,0.36537355839598135
"Washington, DC",-0.4553109941431932,-0.15050167224080269,0.35775107775751658
"Washington, DC",-0.4553109941431932,-0.14381270903010035,0.35050669249006239
"Washington, DC",-0.4553109941431932,-0.13712374581939801,0.34351405532172119
"Washington, DC",-0.4553109941431932,-0.13043478260869568,0.33667641106389778
"Washington, DC",-0.4553109941431932,-0.12374581939799334,0.32992443134321714
"Washington, DC",-0.4553109941431932,-0.117056856187291,0.32321435253404551
"Washington, DC",-0.4553109941431932,-0.11036789297658867,0.31652770364681426
"Washington, DC",-0.4553109941431932,-0.10367892976588633,0.30987283864378623
"Washington, DC",-0.4553109941431932,-0.096989966555183993,0.3032874200301332
"Washington, DC",-0.4553109941431932,-0.090301003344481656,0.29684023563335876
"Washington, DC",-0.4553109941431932,-0.08361204013377932,0.29063047827846417
"Washington, DC",-0.4553109941431932,-0.076923076923076983,0.28478295175823831
"Washington, DC",-0.4553109941431932,-0.070234113712374646,0.27943850580566248
"Washington, DC",-0.4553109941431932,-0.063545150501672309,0.27474013458361773
"Washington, DC",-0.4553109941431932,-0.056856187290969862,0.2708163060190798
"Washington, DC",-0.4553109941431932,-0.050167224080267525,0.26776392899927176
"Washington, DC",-0.4553109941431932,-0.043478260869565188,0.26563369261395192
"Washington, DC",-0.4553109941431932,-0.036789297658862852,0.26442023884156368
"Washington, DC",-0.4553109941431932,-0.030100334448160515,0.26405882228210575
"Washington, DC",-0.4553109941431932,-0.023411371237458178,0.26442896286657158
"Washington, DC",-0.4553109941431932,-0.016722408026755842,0.26536437814340819
"Washington, DC",-0.4553109941431932,-0.010033444816053505,0.26666745867911373
"Washington, DC",-0.4553109941431932,-0.0033444816053511683,0.26812592406894742
"Washington, DC",-0.4553109941431932,0.0033444816053511683,0.26952916015304018
"Washington, DC",-0.4553109941431932,0.010033444816053505,0.27068206630130942
"Washington, DC",-0.4553109941431932,0.016722408026755842,0.27141491809113899
"Washington, DC",-0.4553109941431932,0.023411371237458178,0.27158860646784211
"Washington, DC",-0.4553109941431932,0.030100334448160515,0.2710954724866444
"Washington, DC",-0.4553109941431932,0.036789297658862852,0.26985666619647997
"Washington, DC",-0.4553109941431932,0.043478260869565188,0.2678174147872836
"Washington, DC",-0.4553109941431932,0.050167224080267525,0.26494173822083444
"Washington, DC",-0.4553109941431932,0.056856187290969862,0.2612080025378154
"Washington, DC",-0.4553109941431932,0.063545150501672198,0.25660630179007632
"Washington, DC",-0.4553109941431932,0.070234113712374535,0.25113809781867541
"Washington, DC",-0.4553109941431932,0.076923076923076872,0.24481793717411623
"Washington, DC",-0.4553109941431932,0.083612040133779209,0.23767652760377639
"Washington, DC",-0.4553109941431932,0.090301003344481545,0.22976409864230221
"Washington, DC",-0.4553109941431932,0.096989966555183882,0.22115286110093124
"Washington, DC",-0.4553109941431932,0.10367892976588622,0.21193753625856307
"Washington, DC",-0.4553109941431932,0.11036789297658856,0.20223330970403233
"Washington, DC",-0.4553109941431932,0.11705685618729089,0.19217109309754349
"Washington, DC",-0.4553109941431932,0.12374581939799323,0.18189053819966566
"Washington, DC",-0.4553109941431932,0.13043478260869557,0.17153172644785653
"Washington, DC",-0.4553109941431932,0.1371237458193979,0.16122675882992435
"Washington, DC",-0.4553109941431932,0.14381270903010024,0.15109253645835957
"Washington, DC",-0.4553109941431932,0.15050167224080258,0.14122583952824169
"Washington, DC",-0.4553109941431932,0.15719063545150491,0.13170141437409111
"Washington, DC",-0.4553109941431932,0.16387959866220725,0.12257323642167968
"Washington, DC",-0.4553109941431932,0.17056856187290959,0.11387852790766299
"Washington, DC",-0.4553109941431932,0.17725752508361192,0.1056435807270852
"Washington, DC",-0.4553109941431932,0.18394648829431426,0.097890068220541762
"Washington, DC",-0.4553109941431932,0.1906354515050166,0.090640404280992848
"Washington, DC",-0.4553109941431932,0.19732441471571893,0.083920864975833356
"Washington, DC",-0.4553109941431932,0.20401337792642149,0.077761617643035269
"Washington, DC",-0.4553109941431932,0.21070234113712383,0.07219343982173744
"Washington, DC",-0.4553109941431932,0.21739130434782616,0.067241639286929916
"Washington, DC",-0.4553109941431932,0.2240802675585285,0.062918358148142117
"Washington, DC",-0.4553109941431932,0.23076923076923084,0.059214907019564209
"Washington, DC",-0.4553109941431932,0.23745819397993317,0.056095911325367252
"Washington, DC",-0.4553109941431932,0.24414715719063551,0.053496808046036827
"Washington, DC",-0.4553109941431932,0.25083612040133785,0.051325639574065468
"Washington, DC",-0.4553109941431932,0.25752508361204018,0.049469267317378059
"Washington, DC",-0.4553109941431932,0.26421404682274252,0.04780324688333553
"Washington, DC",-0.4553109941431932,0.27090301003344486,0.046203863982224751
"Washington, DC",-0.4553109941431932,0.27759197324414719,0.044560391819676054
"Washington, DC",-0.4553109941431932,0.28428093645484953,0.042785592299314452
"Washington, DC",-0.4553109941431932,0.29096989966555187,0.040822845815815946
"Washington, DC",-0.4553109941431932,0.2976588628762542,0.03864896516730295
"Washington, DC",-0.4553109941431932,0.30434782608695654,0.03627256773039559
"Washington, DC",-0.4553109941431932,0.31103678929765888,0.033728661258464319
"Washington, DC",-0.4553109941431932,0.31772575250836121,0.03107067984690156
"Washington, DC",-0.4553109941431932,0.32441471571906355,0.028361486065201343
"Washington, DC",-0.4553109941431932,0.33110367892976589,0.02566481121601847
"Washington, DC",-0.4553109941431932,0.33779264214046822,0.023038292319848757
"Washington, DC",-0.4553109941431932,0.34448160535117056,0.02052878851300299
"Washington, DC",-0.4553109941431932,0.3511705685618729,0.018170146719053818
"Washington, DC",-0.4553109941431932,0.35785953177257523,0.015983147897359593
"Washington, DC",-0.4553109941431932,0.36454849498327757,0.0139770737930222
"Washington, DC",-0.4553109941431932,0.37123745819397991,0.012152214935282526
"Washington, DC",-0.4553109941431932,0.37792642140468224,0.01050267526397047
"Washington, DC",-0.4553109941431932,0.38461538461538458,0.0090189698414144398
"Washington, DC",-0.4553109941431932,0.39130434782608692,0.0076901016975797886
"Washington, DC",-0.4553109941431932,0.39799331103678925,0.0065049900076625308
"Washington, DC",-0.4553109941431932,0.40468227424749159,0.0054532692280112264
"Washington, DC",-0.4553109941431932,0.41137123745819393,0.0045255722765948801
"Washington, DC",-0.4553109941431932,0.41806020066889626,0.0037134522119303742
"Washington, DC",-0.4553109941431932,0.4247491638795986,0.0030090985084997761
"Washington, DC",-0.4553109941431932,0.43143812709030094,0.0024049815760126885
"Washington, DC",-0.4553109941431932,0.43812709030100327,0.0018935260959163937
"Washington, DC",-0.4553109941431932,0.44481605351170561,0.001466878889655087
"Washington, DC",-0.4553109941431932,0.45150501672240795,0.001116804800693682
"Washington, DC",-0.4553109941431932,0.45819397993311028,0.00083471616382067284
"Washington, DC",-0.4553109941431932,0.46488294314381262,0.00061181868251663791
"Washington, DC",-0.4553109941431932,0.47157190635451496,0.00043933994405645287
"Washington, DC",-0.4553109941431932,0.47826086956521729,0.00030879755340885848
"Washington, DC",-0.4553109941431932,0.48494983277591963,0.00021226265425909084
"Washington, DC",-0.4553109941431932,0.49163879598662197,0.000142580934044542
"Washington, DC",-0.4553109941431932,0.4983277591973243,9.3525157857331207e-05
"Washington, DC",-0.4553109941431932,0.50501672240802664,5.986786898093078e-05
"Washington, DC",-0.4553109941431932,0.51170568561872898,3.7376904592200566e-05
"Washington, DC",-0.4553109941431932,0.51839464882943131,2.2747182628844157e-05
"Washington, DC",-0.4553109941431932,0.52508361204013365,1.3488385429074114e-05
"Washington, DC",-0.4553109941431932,0.53177257525083599,7.7895873349332295e-06
"Washington, DC",-0.4553109941431932,0.53846153846153832,4.3794936042385095e-06
"Washington, DC",-0.4553109941431932,0.54515050167224088,2.3962826057879593e-06
"Washington, DC",-0.4553109941431932,0.55183946488294322,1.2756212784705003e-06
"Washington, DC",-0.4553109941431932,0.55852842809364556,6.6047061685085994e-07
"Washington, DC",-0.4553109941431932,0.56521739130434789,3.3252463898002676e-07
"Washington, DC",-0.4553109941431932,0.57190635451505023,1.6275491405118025e-07
"Washington, DC",-0.4553109941431932,0.57859531772575257,7.742752183379048e-08
"Washington, DC",-0.4553109941431932,0.5852842809364549,3.5795400108133092e-08
"Washington, DC",-0.4553109941431932,0.59197324414715724,1.6078926502779435e-08
"Washington, DC",-0.4553109941431932,0.59866220735785958,7.0164770006851963e-09
"Washington, DC",-0.4553109941431932,0.60535117056856191,2.9740881831921741e-09
"Washington, DC",-0.4553109941431932,0.61204013377926425,1.2243547488785651e-09
"Washington, DC",-0.4553109941431932,0.61872909698996659,4.8947487846490477e-10
"Washington, DC",-0.4553109941431932,0.62541806020066892,1.9001101284614969e-10
"Washington, DC",-0.4553109941431932,0.63210702341137126,7.1616311535652403e-11
"Washington, DC",-0.4553109941431932,0.6387959866220736,2.6205544502123184e-11
"Washington, DC",-0.4553109941431932,0.64548494983277593,9.3087004113293427e-12
"Washington, DC",-0.4553109941431932,0.65217391304347827,3.2097345033871258e-12
"Washington, DC",-0.4553109941431932,0.65886287625418061,1.0742506891031849e-12
"Washington, DC",-0.4553109941431932,0.66555183946488294,3.4895818160045525e-13
"Washington, DC",-0.4553109941431932,0.67224080267558528,1.1001434454591245e-13
"Washington, DC",-0.4553109941431932,0.67892976588628762,3.3659869533664071e-14
"Washington, DC",-0.4553109941431932,0.68561872909698995,9.994096899225622e-15
"Washington, DC",-0.4553109941431932,0.69230769230769229,2.8795538107303157e-15
"Washington, DC",-0.4553109941431932,0.69899665551839463,8.0508432628136301e-16
"Washington, DC",-0.4553109941431932,0.70568561872909696,2.1841248812382795e-16
"Washington, DC",-0.4553109941431932,0.7123745819397993,5.7493682307802374e-17
"Washington, DC",-0.4553109941431932,0.71906354515050164,1.4684431146976186e-17
"Washington, DC",-0.4553109941431932,0.72575250836120397,3.6389600519614019e-18
"Washington, DC",-0.4553109941431932,0.73244147157190631,8.7492406675370071e-19
"Washington, DC",-0.4553109941431932,0.73913043478260865,2.0409246212206276e-19
"Washington, DC",-0.4553109941431932,0.74581939799331098,4.6188992260097308e-20
"Washington, DC",-0.4553109941431932,0.75250836120401332,1.014137946009578e-20
"Washington, DC",-0.4553109941431932,0.75919732441471566,2.1602069276186384e-21
"Washington, DC",-0.4553109941431932,0.76588628762541799,4.4640268031965122e-22
"Washington, DC",-0.4553109941431932,0.77257525083612033,8.9492209577534224e-23
"Washington, DC",-0.4553109941431932,0.77926421404682267,1.7404639783122452e-23
"Washington, DC",-0.4553109941431932,0.785953177257525,3.2836816020890741e-24
"Washington, DC",-0.4553109941431932,0.79264214046822734,6.009916853100638e-25
"Washington, DC",-0.4553109941431932,0.79933110367892968,1.0670454476067697e-25
"Washington, DC",-0.4553109941431932,0.80602006688963201,1.8378088979801626e-26
"Washington, DC",-0.4553109941431932,0.81270903010033435,3.0705560138124893e-27
"Washington, DC",-0.4553109941431932,0.81939799331103669,4.9765628218030807e-28
"Washington, DC",-0.4553109941431932,0.82608695652173902,7.8241030686858227e-29
"Washington, DC",-0.4553109941431932,0.83277591973244136,1.1932440998052757e-29
"Washington, DC",-0.4553109941431932,0.8394648829431437,1.7652692879687443e-30
"Washington, DC",-0.4553109941431932,0.84615384615384603,2.533244172735198e-31
"Washington, DC",-0.4553109941431932,0.85284280936454837,3.5263484400966403e-32
"Washington, DC",-0.4553109941431932,0.85953177257525071,4.7616044544331107e-33
"Washington, DC",-0.4553109941431932,0.86622073578595304,6.2367642433512514e-34
"Washington, DC",-0.4553109941431932,0.87290969899665538,7.9239440466404628e-35
"Washington, DC",-0.4553109941431932,0.87959866220735772,9.7655747768644053e-36
"Washington, DC",-0.4553109941431932,0.88628762541806028,1.1674195345868504e-36
"Washington, DC",-0.4553109941431932,0.89297658862876261,1.3537153475969694e-37
"Washington, DC",-0.4553109941431932,0.89966555183946495,1.5226413454548926e-38
"Washington, DC",-0.4553109941431932,0.90635451505016729,1.6612556425374368e-39
"Washington, DC",-0.4553109941431932,0.91304347826086962,1.7580965051168938e-40
"Washington, DC",-0.4553109941431932,0.91973244147157196,1.8047424424426765e-41
"Washington, DC",-0.4553109941431932,0.9264214046822743,1.7970203632328251e-42
"Washington, DC",-0.4553109941431932,0.93311036789297663,1.735621603427038e-43
"Washington, DC",-0.4553109941431932,0.93979933110367897,1.6259997740559192e-44
"Washington, DC",-0.4553109941431932,0.94648829431438131,1.4775713563213554e-45
"Washington, DC",-0.4553109941431932,0.95317725752508364,1.3023814902501988e-46
"Washington, DC",-0.4553109941431932,0.95986622073578598,1.1134968931482419e-47
"Washington, DC",-0.4553109941431932,0.96655518394648832,9.2342189620678702e-49
"Washington, DC",-0.4553109941431932,0.97324414715719065,7.4279856964335661e-50
"Washington, DC",-0.4553109941431932,0.97993311036789299,5.795635852759233e-51
"Washington, DC",-0.4553109941431932,0.98662207357859533,4.386212939836391e-52
"Washington, DC",-0.4553109941431932,0.99331103678929766,3.2198556937267016e-53
"Washington, DC",-0.4553109941431932,1,2.2926655134339864e-54
Los Angeles,-0.42446165342612185,-1,6.8686690606987859e-08
Los Angeles,-0.42446165342612185,-0.99331103678929766,2.1016544094489827e-07
Los Angeles,-0.42446165342612185,-0.98662207357859533,6.0840912793673844e-07
Los Angeles,-0.42446165342612185,-0.97993311036789299,1.6674785676797998e-06
Los Angeles,-0.42446165342612185,-0.97324414715719065,4.3299722533941177e-06
Los Angeles,-0.42446165342612185,-0.96655518394648832,1.06623740813463e-05
Los Angeles,-0.42446165342612185,-0.95986622073578598,2.4923659609693283e-05
Los Angeles,-0.42446165342612185,-0.95317725752508364,5.5369845377681681e-05
Los Angeles,-0.42446165342612185,-0.94648829431438131,0.00011706551041563523
Los Angeles,-0.42446165342612185,-0.93979933110367897,0.00023591169068114178
Los Angeles,-0.42446165342612185,-0.93311036789297663,0.00045392636037742376
Los Angeles,-0.42446165342612185,-0.9264214046822743,0.00083552738909481894
Los Angeles,-0.42446165342612185,-0.91973244147157196,0.0014742048995498925
Los Angeles,-0.42446165342612185,-0.91304347826086962,0.00249858632673084
Los Angeles,-0.42446165342612185,-0.90635451505016729,0.0040765319325226038
Los Angeles,-0.42446165342612185,-0.89966555183946484,0.0064155576200359407
Los Angeles,-0.42446165342612185,-0.8929765886287625,0.009757592112120881
Los Angeles,-0.42446165342612185,-0.88628762541806017,0.014365995249751157
Los Angeles,-0.42446165342612185,-0.87959866220735783,0.020503256134531179
Los Angeles,-0.42446165342612185,-0.87290969899665549,0.028399310224560811
Los Angeles,-0.42446165342612185,-0.86622073578595316,0.038213166590021178
Los Angeles,-0.42446165342612185,-0.85953177257525082,0.049994056296099876
Los Angeles,-0.42446165342612185,-0.85284280936454848,0.063651329019085226
Los Angeles,-0.42446165342612185,-0.84615384615384615,0.078943164481931366
Los Angeles,-0.42446165342612185,-0.83946488294314381,0.095491619463319771
Los Angeles,-0.42446165342612185,-0.83277591973244147,0.11282569591379281
Los Angeles,-0.42446165342612185,-0.82608695652173914,0.13044662013105174
Los Angeles,-0.42446165342612185,-0.8193979933110368,0.14790290933158973
Los Angeles,-0.42446165342612185,-0.81270903010033446,0.1648593892051812
Los Angeles,-0.42446165342612185,-0.80602006688963213,0.18114523416981029
Los Angeles,-0.42446165342612185,-0.79933110367892979,0.19677096426331359
Los Angeles,-0.42446165342612185,-0.79264214046822745,0.21191170234577611
Los Angeles,-0.42446165342612185,-0.78595317725752512,0.22686200444188373
Los Angeles,-0.42446165342612185,-0.77926421404682278,0.24197438020717943
Los Angeles,-0.42446165342612185,-0.77257525083612044,0.25759755069190821
Los Angeles,-0.42446165342612185,-0.76588628762541811,0.27403022220606948
Los Angeles,-0.42446165342612185,-0.75919732441471566,0.29150119262828217
Los Angeles,-0.42446165342612185,-0.75250836120401332,0.31017793827455931
Los Angeles,-0.42446165342612185,-0.74581939799331098,0.33019614885845755
Los Angeles,-0.42446165342612185,-0.73913043478260865,0.35169560929153931
Los Angeles,-0.42446165342612185,-0.73244147157190631,0.37484625586826953
Los Angeles,-0.42446165342612185,-0.72575250836120397,0.39985267130745195
Los Angeles,-0.42446165342612185,-0.71906354515050164,0.42693345129107224
Los Angeles,-0.42446165342612185,-0.7123745819397993,0.45628002788001448
Los Angeles,-0.42446165342612185,-0.70568561872909696,0.48800473595279459
Los Angeles,-0.42446165342612185,-0.69899665551839463,0.52208962332249509
Los Angeles,-0.42446165342612185,-0.69230769230769229,0.55834722484065502
Los Angeles,-0.42446165342612185,-0.68561872909698995,0.59640368994367621
Los Angeles,-0.42446165342612185,-0.67892976588628762,0.63571274465172922
Los Angeles,-0.42446165342612185,-0.67224080267558528,0.67560369944757792
Los Angeles,-0.42446165342612185,-0.66555183946488294,0.71535667819760351
Los Angeles,-0.42446165342612185,-0.65886287625418061,0.75428589002595348
Los Angeles,-0.42446165342612185,-0.65217391304347827,0.7918037129901534
Los Angeles,-0.42446165342612185,-0.64548494983277593,0.82744171297610514
Los Angeles,-0.42446165342612185,-0.6387959866220736,0.86082142816730567
Los Angeles,-0.42446165342612185,-0.63210702341137126,0.89159130871571124
Los Angeles,-0.42446165342612185,-0.62541806020066892,0.9193641327104396
Los Angeles,-0.42446165342612185,-0.61872909698996659,0.94369056271777196
Los Angeles,-0.42446165342612185,-0.61204013377926425,0.9640874114197352
Los Angeles,-0.42446165342612185,-0.60535117056856191,0.98011286398327946
Los Angeles,-0.42446165342612185,-0.59866220735785958,0.99146002111589793
Los Angeles,-0.42446165342612185,-0.59197324414715724,0.99803534163310192
Los Angeles,-0.42446165342612185,-0.5852842809364549,1
Los Angeles,-0.42446165342612185,-0.57859531772575257,0.99777034490902605
Los Angeles,-0.42446165342612185,-0.57190635451505023,0.99198674674313636
Los Angeles,-0.42446165342612185,-0.56521739130434789,0.98346207382780004
Los Angeles,-0.42446165342612185,-0.55852842809364556,0.97311463776294271
Los Angeles,-0.42446165342612185,-0.55183946488294322,0.9618841090129765
Los Angeles,-0.42446165342612185,-0.54515050167224088,0.95063002017158693
Los Angeles,-0.42446165342612185,-0.53846153846153855,0.9400222398370347
Los Angeles,-0.42446165342612185,-0.53177257525083621,0.93044556946971535
Los Angeles,-0.42446165342612185,-0.52508361204013376,0.92194762148283793
Los Angeles,-0.42446165342612185,-0.51839464882943143,0.91425390232473169
Los Angeles,-0.42446165342612185,-0.51170568561872909,0.90685630204689227
Los Angeles,-0.42446165342612185,-0.50501672240802675,0.89915742350853101
Los Angeles,-0.42446165342612185,-0.49832775919732442,0.8906333974426287
Los Angeles,-0.42446165342612185,-0.49163879598662208,0.88097066768651588
Los Angeles,-0.42446165342612185,-0.48494983277591974,0.8701407281591369
Los Angeles,-0.42446165342612185,-0.47826086956521741,0.85839708893320088
Los Angeles,-0.42446165342612185,-0.47157190635451507,0.84620231322079364
Los Angeles,-0.42446165342612185,-0.46488294314381273,0.83411095351094233
Los Angeles,-0.42446165342612185,-0.4581939799331104,0.82264145890286777
Los Angeles,-0.42446165342612185,-0.45150501672240806,0.81216673814222529
Los Angeles,-0.42446165342612185,-0.44481605351170572,0.80284314377660848
Los Angeles,-0.42446165342612185,-0.43812709030100339,0.79458629618836463
Los Angeles,-0.42446165342612185,-0.43143812709030105,0.78709277397411781
Los Angeles,-0.42446165342612185,-0.42474916387959871,0.77989996838770148
Los Angeles,-0.42446165342612185,-0.41806020066889638,0.77247142972761274
Los Angeles,-0.42446165342612185,-0.41137123745819404,0.76429125815749377
Los Angeles,-0.42446165342612185,-0.4046822742474917,0.75494945125975432
Los Angeles,-0.42446165342612185,-0.39799331103678925,0.74420241766634221
Los Angeles,-0.42446165342612185,-0.39130434782608692,0.73199980991599389
Los Angeles,-0.42446165342612185,-0.38461538461538458,0.71847849951445009
Los Angeles,-0.42446165342612185,-0.37792642140468224,0.70393280416881809
Los Angeles,-0.42446165342612185,-0.37123745819397991,0.68877310878266873
Los Angeles,-0.42446165342612185,-0.36454849498327757,0.67348185887229572
Los Angeles,-0.42446165342612185,-0.35785953177257523,0.65856941097842392
Los Angeles,-0.42446165342612185,-0.3511705685618729,0.6445273035914405
Los Angeles,-0.42446165342612185,-0.34448160535117056,0.63177685476063283
Los Angeles,-0.42446165342612185,-0.33779264214046822,0.62061655359799917
Los Angeles,-0.42446165342612185,-0.33110367892976589,0.61117864224953422
Los Angeles,-0.42446165342612185,-0.32441471571906355,0.60340838748014336
Los Angeles,-0.42446165342612185,-0.31772575250836121,0.5970756792024855
Los Angeles,-0.42446165342612185,-0.31103678929765888,0.5918188220057532
Los Angeles,-0.42446165342612185,-0.30434782608695654,0.58720941846580776
Los Angeles,-0.42446165342612185,-0.2976588628762542,0.58282060390672308
Los Angeles,-0.42446165342612185,-0.29096989966555187,0.57828165231838091
Los Angeles,-0.42446165342612185,-0.28428093645484953,0.57330918825200661
Los Angeles,-0.42446165342612185,-0.27759197324414719,0.56771492625335618
Los Angeles,-0.42446165342612185,-0.27090301003344486,0.56139754944824816
Los Angeles,-0.42446165342612185,-0.26421404682274252,0.55432934422555713
Los Angeles,-0.42446165342612185,-0.25752508361204018,0.54654631903082707
Los Angeles,-0.42446165342612185,-0.25083612040133785,0.53814529492060303
Los Angeles,-0.42446165342612185,-0.24414715719063551,0.52928509782626865
Los Angeles,-0.42446165342612185,-0.23745819397993317,0.52018387282178069
Los Angeles,-0.42446165342612185,-0.23076923076923084,0.51110296784177978
Los Angeles,-0.42446165342612185,-0.22408026755852839,0.50231142808029372
Los Angeles,-0.42446165342612185,-0.21739130434782605,0.49403368343096821
Los Angeles,-0.42446165342612185,-0.21070234113712372,0.48639347314587339
Los Angeles,-0.42446165342612185,-0.20401337792642138,0.47937417474416333
Los Angeles,-0.42446165342612185,-0.19732441471571904,0.47281452821773839
Los Angeles,-0.42446165342612185,-0.19063545150501671,0.46644785911423042
Los Angeles,-0.42446165342612185,-0.18394648829431437,0.45997613601825593
Los Angeles,-0.42446165342612185,-0.17725752508361203,0.45315520426590761
Los Angeles,-0.42446165342612185,-0.1705685618729097,0.44586178856338965
Los Angeles,-0.42446165342612185,-0.16387959866220736,0.43811946764279019
Los Angeles,-0.42446165342612185,-0.15719063545150502,0.43007684435731552
Los Angeles,-0.42446165342612185,-0.15050167224080269,0.42194925307145736
Los Angeles,-0.42446165342612185,-0.14381270903010035,0.41394775181386478
Los Angeles,-0.42446165342612185,-0.13712374581939801,0.40622118392037199
Los Angeles,-0.42446165342612185,-0.13043478260869568,0.39882890940196192
Los Angeles,-0.42446165342612185,-0.12374581939799334,0.39174766825815682
Los Angeles,-0.42446165342612185,-0.117056856187291,0.38490217998954662
Los Angeles,-0.42446165342612185,-0.11036789297658867,0.37820118064579544
Los Angeles,-0.42446165342612185,-0.10367892976588633,0.37156164673687375
Los Angeles,-0.42446165342612185,-0.096989966555183993,0.36491303998357894
Los Angeles,-0.42446165342612185,-0.090301003344481656,0.35818584077601962
Los Angeles,-0.42446165342612185,-0.08361204013377932,0.35129783055713087
Los Angeles,-0.42446165342612185,-0.076923076923076983,0.34415230905589406
Los Angeles,-0.42446165342612185,-0.070234113712374646,0.33665402153343715
Los Angeles,-0.42446165342612185,-0.063545150501672309,0.32873589480036391
Los Angeles,-0.42446165342612185,-0.056856187290969862,0.32038067720076696
Los Angeles,-0.42446165342612185,-0.050167224080267525,0.3116223591950274
Los Angeles,-0.42446165342612185,-0.043478260869565188,0.3025229263941277
Los Angeles,-0.42446165342612185,-0.036789297658862852,0.29313430112891664
Los Angeles,-0.42446165342612185,-0.030100334448160515,0.28346457354597165
Los Angeles,-0.42446165342612185,-0.023411371237458178,0.27346627543898322
Los Angeles,-0.42446165342612185,-0.016722408026755842,0.2630534597130611
Los Angeles,-0.42446165342612185,-0.010033444816053505,0.25214014294205672
Los Angeles,-0.42446165342612185,-0.0033444816053511683,0.24068290670699982
Los Angeles,-0.42446165342612185,0.0033444816053511683,0.22870962019867677
Los Angeles,-0.42446165342612185,0.010033444816053505,0.21632371525612717
Los Angeles,-0.42446165342612185,0.016722408026755842,0.20368460991345719
Los Angeles,-0.42446165342612185,0.023411371237458178,0.19097411312774529
Los Angeles,-0.42446165342612185,0.030100334448160515,0.17836221646834233
Los Angeles,-0.42446165342612185,0.036789297658862852,0.16598318115011018
Los Angeles,-0.42446165342612185,0.043478260869565188,0.15392670783401846
Los Angeles,-0.42446165342612185,0.050167224080267525,0.14224270495404143
Los Angeles,-0.42446165342612185,0.056856187290969862,0.13095427850386573
Los Angeles,-0.42446165342612185,0.063545150501672198,0.12007268518778851
Los Angeles,-0.42446165342612185,0.070234113712374535,0.10960926971623211
Los Angeles,-0.42446165342612185,0.076923076923076872,0.099581630353167389
Los Angeles,-0.42446165342612185,0.083612040133779209,0.090013638692376496
Los Angeles,-0.42446165342612185,0.090301003344481545,0.080931092391627976
Los Angeles,-0.42446165342612185,0.096989966555183882,0.072356257346531297
Los Angeles,-0.42446165342612185,0.10367892976588622,0.064304729403008506
Los Angeles,-0.42446165342612185,0.11036789297658856,0.056786576197940246
Los Angeles,-0.42446165342612185,0.11705685618729089,0.049811130925266928
Los Angeles,-0.42446165342612185,0.12374581939799323,0.043392449248267712
Los Angeles,-0.42446165342612185,0.13043478260869557,0.037551684086550206
Los Angeles,-0.42446165342612185,0.1371237458193979,0.032313944369668765
Los Angeles,-0.42446165342612185,0.14381270903010024,0.027699833243076743
Los Angeles,-0.42446165342612185,0.15050167224080258,0.023714400052840888
Los Angeles,-0.42446165342612185,0.15719063545150491,0.020337524173605837
Los Angeles,-0.42446165342612185,0.16387959866220725,0.01751940350181112
Los Angeles,-0.42446165342612185,0.17056856187290959,0.015183189082208771
Los Angeles,-0.42446165342612185,0.17725752508361192,0.013234550120701724
Los Angeles,-0.42446165342612185,0.18394648829431426,0.011575754890229318
Los Angeles,-0.42446165342612185,0.1906354515050166,0.010120353218026658
Los Angeles,-0.42446165342612185,0.19732441471571893,0.0088042902949696678
Los Angeles,-0.42446165342612185,0.20401337792642149,0.0075904987546166454
Los Angeles,-0.42446165342612185,0.21070234113712383,0.0064663492225512098
Los Angeles,-0.42446165342612185,0.21739130434782616,0.0054358410285985205
Los Angeles,-0.42446165342612185,0.2240802675585285,0.004509968693258674
Los Angeles,-0.42446165342612185,0.23076923076923084,0.0036986552364092571
Los Angeles,-0.42446165342612185,0.23745819397993317,0.0030062081585497708
Los Angeles,-0.42446165342612185,0.24414715719063551,0.0024303435819215905
Los Angeles,-0.42446165342612185,0.25083612040133785,0.0019634650425351696
Los Angeles,-0.42446165342612185,0.25752508361204018,0.00159459838951139
Los Angeles,-0.42446165342612185,0.26421404682274252,0.0013109740294605151
Los Angeles,-0.42446165342612185,0.27090301003344486,0.0010990670121353626
Los Angeles,-0.42446165342612185,0.27759197324414719,0.00094537147505909078
Los Angeles,-0.42446165342612185,0.28428093645484953,0.00083713791849208909
Los Angeles,-0.42446165342612185,0.29096989966555187,0.00076299605965436082
Los Angeles,-0.42446165342612185,0.2976588628762542,0.00071320464788970678
Los Angeles,-0.42446165342612185,0.30434782608695654,0.00067940313164008086
Los Angeles,-0.42446165342612185,0.31103678929765888,0.00065407334488637252
Los Angeles,-0.42446165342612185,0.31772575250836121,0.00063016438872894682
Los Angeles,-0.42446165342612185,0.32441471571906355,0.00060127298179272549
Los Angeles,-0.42446165342612185,0.33110367892976589,0.00056242108053748067
Los Angeles,-0.42446165342612185,0.33779264214046822,0.00051106089942701553
Los Angeles,-0.42446165342612185,0.34448160535117056,0.00044773458690077178
Los Angeles,-0.42446165342612185,0.3511705685618729,0.00037594848270368613
Los Angeles,-0.42446165342612185,0.35785953177257523,0.00030120131371982471
Los Angeles,-0.42446165342612185,0.36454849498327757,0.00022950297601719968
Los Angeles,-0.42446165342612185,0.37123745819397991,0.00016592148602944789
Los Angeles,-0.42446165342612185,0.37792642140468224,0.00011362404878257269
Los Angeles,-0.42446165342612185,0.38461538461538458,7.3615239770726649e-05
Los Angeles,-0.42446165342612185,0.39130434782608692,4.5083214283560217e-05
Los Angeles,-0.42446165342612185,0.39799331103678925,2.6081350472952278e-05
Los Angeles,-0.42446165342612185,0.40468227424749159,1.4246204606265797e-05
Los Angeles,-0.42446165342612185,0.41137123745819393,7.3443647919517781e-06
Los Angeles,-0.42446165342612185,0.41806020066889626,3.5723932962279439e-06
Los Angeles,-0.42446165342612185,0.4247491638795986,1.6390820471263677e-06
Los Angeles,-0.42446165342612185,0.43143812709030094,7.092202368931044e-07
Los Angeles,-0.42446165342612185,0.43812709030100327,2.8934445970722222e-07
Los Angeles,-0.42446165342612185,0.44481605351170561,1.1128248154135068e-07
Los Angeles,-0.42446165342612185,0.45150501672240795,4.0341078421650594e-08
Los Angeles,-0.42446165342612185,0.45819397993311028,1.378209110566578e-08
Los Angeles,-0.42446165342612185,0.46488294314381262,4.43683219846263e-09
Los Angeles,-0.42446165342612185,0.47157190635451496,1.34576574067703e-09
Los Angeles,-0.42446165342612185,0.47826086956521729,3.8455397258315631e-10
Los Angeles,-0.42446165342612185,0.48494983277591963,1.0351265037033847e-10
Los Angeles,-0.42446165342612185,0.49163879598662197,2.6244517348239614e-11
Los Angeles,-0.42446165342612185,0.4983277591973243,6.2669621391780403e-12
Los Angeles,-0.42446165342612185,0.50501672240802664,1.4093421341701951e-12
Los Angeles,-0.42446165342612185,0.51170568561872898,2.9846079138436753e-13
Los Angeles,-0.42446165342612185,0.51839464882943131,5.9517273049739523e-14
Los Angeles,-0.42446165342612185,0.52508361204013365,1.1175311353293364e-14
Los Angeles,-0.42446165342612185,0.53177257525083599,1.9756747676894264e-15
Los Angeles,-0.42446165342612185,0.53846153846153832,3.2884481405379473e-16
Los Angeles,-0.42446165342612185,0.54515050167224088,5.1531020621969077e-17
Los Angeles,-0.42446165342612185,0.55183946488294322,7.6020893098105603e-18
Los Angeles,-0.42446165342612185,0.55852842809364556,1.0557706082328675e-18
Los Angeles,-0.42446165342612185,0.56521739130434789,1.3802759369980674e-19
Los Angeles,-0.42446165342612185,0.57190635451505023,1.698676652020499e-20
Los Angeles,-0.42446165342612185,0.57859531772575257,1.9678585142141489e-21
Los Angeles,-0.42446165342612185,0.5852842809364549,2.1458845531174986e-22
Los Angeles,-0.42446165342612185,0.59197324414715724,2.2026227246588147e-23
Los Angeles,-0.42446165342612185,0.59866220735785958,2.1280801137911373e-24
Los Angeles,-0.42446165342612185,0.60535117056856191,1.9352787297774755e-25
Los Angeles,-0.42446165342612185,0.61204013377926425,1.6565366902316894e-26
Los Angeles,-0.42446165342612185,0.61872909698996659,1.3346134553189171e-27
Los Angeles,-0.42446165342612185,0.62541806020066892,1.0120508109462651e-28
Los Angeles,-0.42446165342612185,0.63210702341137126,7.2233305071166053e-30
Los Angeles,-0.42446165342612185,0.6387959866220736,4.8524092750523878e-31
Los Angeles,-0.42446165342612185,0.64548494983277593,3.0680253413251767e-32
Los Angeles,-0.42446165342612185,0.65217391304347827,1.8257411632554408e-33
Los Angeles,-0.42446165342612185,0.65886287625418061,1.0225762429611805e-34
Los Angeles,-0.42446165342612185,0.66555183946488294,5.3904643348371185e-36
Los Angeles,-0.42446165342612185,0.67224080267558528,2.6744140873764342e-37
Los Angeles,-0.42446165342612185,0.67892976588628762,1.2488243342205721e-38
Los Angeles,-0.42446165342612185,0.68561872909698995,5.4883615063263538e-40
Los Angeles,-0.42446165342612185,0.69230769230769229,2.2701331261222263e-41
Los Angeles,-0.42446165342612185,0.69899665551839463,8.8374294856662405e-43
Los Angeles,-0.42446165342612185,0.70568561872909696,3.2379155297695478e-44
Los Angeles,-0.42446165342612185,0.7123745819397993,1.1165264283872154e-45
Los Angeles,-0.42446165342612185,0.71906354515050164,3.6235609489287835e-47
Los Angeles,-0.42446165342612185,0.72575250836120397,1.1067879779281445e-48
Los Angeles,-0.42446165342612185,0.73244147157190631,3.1816683656327171e-50
Los Angeles,-0.42446165342612185,0.73913043478260865,8.6080819486585418e-52
Los Angeles,-0.42446165342612185,0.74581939799331098,2.1918879134146402e-53
Los Angeles,-0.42446165342612185,0.75250836120401332,5.2527928918646291e-55
Los Angeles,-0.42446165342612185,0.75919732441471566,1.184736516639061e-56
Los Angeles,-0.42446165342612185,0.76588628762541799,2.5148521358273056e-58
Los Angeles,-0.42446165342612185,0.77257525083612033,5.0241429036645778e-60
Los Angeles,-0.42446165342612185,0.77926421404682267,9.4464811557585219e-62
Los Angeles,-0.42446165342612185,0.785953177257525,1.6716156462798654e-63
Los Angeles,-0.42446165342612185,0.79264214046822734,2.7839462362058601e-65
Los Angeles,-0.42446165342612185,0.79933110367892968,4.3635816180327941e-67
Los Angeles,-0.42446165342612185,0.80602006688963201,6.4369927759979551e-69
Los Angeles,-0.42446165342612185,0.81270903010033435,8.9367669831217769e-71
Los Angeles,-0.42446165342612185,0.81939799331103669,1.1677105277073952e-72
Los Angeles,-0.42446165342612185,0.82608695652173902,1.4359759841203131e-74
Los Angeles,-0.42446165342612185,0.83277591973244136,1.6619435274768108e-76
Los Angeles,-0.42446165342612185,0.8394648829431437,1.8102658193065751e-78
Los Angeles,-0.42446165342612185,0.84615384615384603,1.8557751411542636e-80
Los Angeles,-0.42446165342612185,0.85284280936454837,1.790462324673789e-82
Los Angeles,-0.42446165342612185,0.85953177257525071,1.6257800209865643e-84
Los Angeles,-0.42446165342612185,0.86622073578595304,1.3893609099547849e-86
Los Angeles,-0.42446165342612185,0.87290969899665538,1.1174420529213171e-88
Los Angeles,-0.42446165342612185,0.87959866220735772,8.4584646574472098e-91
Los Angeles,-0.42446165342612185,0.88628762541806028,6.0257986377817691e-93
Los Angeles,-0.42446165342612185,0.89297658862876261,4.0401193947421957e-95
Los Angeles,-0.42446165342612185,0.89966555183946495,2.549354665500648e-97
Los Angeles,-0.42446165342612185,0.90635451505016729,1.5139891427791989e-99
Los Angeles,-0.42446165342612185,0.91304347826086962,8.4619738459636307e-102
Los Angeles,-0.42446165342612185,0.91973244147157196,4.4511987684183152e-104
Los Angeles,-0.42446165342612185,0.9264214046822743,2.2036299560239937e-106
Los Angeles,-0.42446165342612185,0.93311036789297663,1.0267310538996722e-108
Los Angeles,-0.42446165342612185,0.93979933110367897,4.5022650811523195e-111
Los Angeles,-0.42446165342612185,0.94648829431438131,1.8580685995034509e-113
Los Angeles,-0.42446165342612185,0.95317725752508364,7.2168674994187315e-116
Los Angeles,-0.42446165342612185,0.95986622073578598,2.6381046106277448e-118
Los Angeles,-0.42446165342612185,0.96655518394648832,9.0759391798435379e-121
Los Angeles,-0.42446165342612185,0.97324414715719065,2.9386469595023967e-123
Los Angeles,-0.42446165342612185,0.97993311036789299,8.9548747719071493e-126
Los Angeles,-0.42446165342612185,0.98662207357859533,2.5681942970678041e-128
Los Angeles,-0.42446165342612185,0.99331103678929766,6.9319031903816755e-131
Los Angeles,-0.42446165342612185,1,1.7608945357474065e-133
Seattle,-0.34742605102003138,-1,3.3765575119885169e-07
Seattle,-0.34742605102003138,-0.99331103678929766,7.7499453748359237e-07
Seattle,-0.34742605102003138,-0.98662207357859533,1.7159563230630517e-06
Seattle,-0.34742605102003138,-0.97993311036789299,3.6665870407347259e-06
Seattle,-0.34742605102003138,-0.97324414715719065,7.5639809573110002e-06
Seattle,-0.34742605102003138,-0.96655518394648832,1.5072206833744666e-05
Seattle,-0.34742605102003138,-0.95986622073578598,2.9024770425468097e-05
Seattle,-0.34742605102003138,-0.95317725752508364,5.4047699973317711e-05
Seattle,-0.34742605102003138,-0.94648829431438131,9.738173659564736e-05
Seattle,-0.34742605102003138,-0.93979933110367897,0.00016989103636667243
Seattle,-0.34742605102003138,-0.93311036789297663,0.00028719914368042598
Seattle,-0.34742605102003138,-0.9264214046822743,0.00047083635797141312
Seattle,-0.34742605102003138,-0.91973244147157196,0.00074922867539210748
Seattle,-0.34742605102003138,-0.91304347826086962,0.001158326487218706
Seattle,-0.34742605102003138,-0.90635451505016729,0.0017416836496339304
Seattle,-0.34742605102003138,-0.89966555183946484,0.0025498739154015083
Seattle,-0.34742605102003138,-0.8929765886287625,0.0036392800636051007
Seattle,-0.34742605102003138,-0.88628762541806017,0.0050704987487524104
Seattle,-0.34742605102003138,-0.87959866220735783,0.006906830737341163
Seattle,-0.34742605102003138,-0.87290969899665549,0.0092135027167620266
Seattle,-0.34742605102003138,-0.86622073578595316,0.01205830531299098
Seattle,-0.34742605102003138,-0.85953177257525082,0.015514149483224439
Seattle,-0.34742605102003138,-0.85284280936454848,0.01966359831491063
Seattle,-0.34742605102003138,-0.84615384615384615,0.024604760673348745
Seattle,-0.34742605102003138,-0.83946488294314381,0.030457174803578981
Seattle,-0.34742605102003138,-0.83277591973244147,0.03736568835583181
Seattle,-0.34742605102003138,-0.82608695652173914,0.045500110195305539
Seattle,-0.34742605102003138,-0.8193979933110368,0.055048763295240534
Seattle,-0.34742605102003138,-0.81270903010033446,0.066205054857684034
Seattle,-0.34742605102003138,-0.80602006688963213,0.079147654134259421
Seattle,-0.34742605102003138,-0.79933110367892979,0.094016510543453446
Seattle,-0.34742605102003138,-0.79264214046822745,0.11088834075669544
Seattle,-0.34742605102003138,-0.78595317725752512,0.12975596531945457
Seattle,-0.34742605102003138,-0.77926421404682278,0.1505157022585866
Seattle,-0.34742605102003138,-0.77257525083612044,0.17296583448913419
Seattle,-0.34742605102003138,-0.76588628762541811,0.19681709561430158
Seattle,-0.34742605102003138,-0.75919732441471566,0.22171354438553359
Seattle,-0.34742605102003138,-0.75250836120401332,0.24725972295838655
Seattle,-0.34742605102003138,-0.74581939799331098,0.27304834828153007
Seattle,-0.34742605102003138,-0.73913043478260865,0.29868263462405553
Seattle,-0.34742605102003138,-0.73244147157190631,0.32378901581075181
Seattle,-0.34742605102003138,-0.72575250836120397,0.34801926676612976
Seattle,-0.34742605102003138,-0.71906354515050164,0.37104488647121325
Seattle,-0.34742605102003138,-0.7123745819397993,0.3925497142237297
Seattle,-0.34742605102003138,-0.70568561872909696,0.41222776509129927
Seattle,-0.34742605102003138,-0.69899665551839463,0.42979149432535374
Seattle,-0.34742605102003138,-0.69230769230769229,0.44499152456406604
Seattle,-0.34742605102003138,-0.68561872909698995,0.45764377506499831
Seattle,-0.34742605102003138,-0.67892976588628762,0.46765598282033249
Seattle,-0.34742605102003138,-0.67224080267558528,0.47504459011621702
Seattle,-0.34742605102003138,-0.66555183946488294,0.47993556598655629
Seattle,-0.34742605102003138,-0.65886287625418061,0.48254807585066711
Seattle,-0.34742605102003138,-0.65217391304347827,0.48316589226375867
Seattle,-0.34742605102003138,-0.64548494983277593,0.48210553683068974
Seattle,-0.34742605102003138,-0.6387959866220736,0.47969057994060732
Seattle,-0.34742605102003138,-0.63210702341137126,0.4762381058663695
Seattle,-0.34742605102003138,-0.62541806020066892,0.47205760680892861
Seattle,-0.34742605102003138,-0.61872909698996659,0.46745708381672069
Seattle,-0.34742605102003138,-0.61204013377926425,0.46274834609233656
Seattle,-0.34742605102003138,-0.60535117056856191,0.45824457033213251
Seattle,-0.34742605102003138,-0.59866220735785958,0.45424746152348344
Seattle,-0.34742605102003138,-0.59197324414715724,0.45102675647096124
Seattle,-0.34742605102003138,-0.5852842809364549,0.44879885080608695
Seattle,-0.34742605102003138,-0.57859531772575257,0.44771233169601771
Seattle,-0.34742605102003138,-0.57190635451505023,0.4478460123567608
Seattle,-0.34742605102003138,-0.56521739130434789,0.44922098381581443
Seattle,-0.34742605102003138,-0.55852842809364556,0.45182416445342438
Seattle,-0.34742605102003138,-0.55183946488294322,0.4556383916622288
Seattle,-0.34742605102003138,-0.54515050167224088,0.46067371870086488
Seattle,-0.34742605102003138,-0.53846153846153855,0.46699557471337405
Seattle,-0.34742605102003138,-0.53177257525083621,0.47474659169562761
Seattle,-0.34742605102003138,-0.52508361204013376,0.48415926026451739
Seattle,-0.34742605102003138,-0.51839464882943143,0.49555608514958249
Seattle,-0.34742605102003138,-0.51170568561872909,0.50933341515681718
Seattle,-0.34742605102003138,-0.50501672240802675,0.52592584081390414
Seattle,-0.34742605102003138,-0.49832775919732442,0.54575080593284042
Seattle,-0.34742605102003138,-0.49163879598662208,0.56913769566359718
Seattle,-0.34742605102003138,-0.48494983277591974,0.59625089590728697
Seattle,-0.34742605102003138,-0.47826086956521741,0.62702031479672837
Seattle,-0.34742605102003138,-0.47157190635451507,0.66109394934691057
Seattle,-0.34742605102003138,-0.46488294314381273,0.69782450816163066
Seattle,-0.34742605102003138,-0.4581939799331104,0.73629632222939978
Seattle,-0.34742605102003138,-0.45150501672240806,0.77539125780951978
Seattle,-0.34742605102003138,-0.44481605351170572,0.81388498076379789
Seattle,-0.34742605102003138,-0.43812709030100339,0.85055937940097359
Seattle,-0.34742605102003138,-0.43143812709030105,0.88431425396417729
Seattle,-0.34742605102003138,-0.42474916387959871,0.91426181133712847
Seattle,-0.34742605102003138,-0.41806020066889638,0.93979077129088107
Seattle,-0.34742605102003138,-0.41137123745819404,0.96059232986310772
Seattle,-0.34742605102003138,-0.4046822742474917,0.97664690883934224
Seattle,-0.34742605102003138,-0.39799331103678925,0.98817739147006911
Seattle,-0.34742605102003138,-0.39130434782608692,0.99558010200099378
Seattle,-0.34742605102003138,-0.38461538461538458,0.99934792951882079
Seattle,-0.34742605102003138,-0.37792642140468224,1
Seattle,-0.34742605102003138,-0.37123745819397991,0.99802923356934159
Seattle,-0.34742605102003138,-0.36454849498327757,0.99387389720177344
Seattle,-0.34742605102003138,-0.35785953177257523,0.98791332273097288
Seattle,-0.34742605102003138,-0.3511705685618729,0.98048276361749132
Seattle,-0.34742605102003138,-0.34448160535117056,0.9718989075782325
Seattle,-0.34742605102003138,-0.33779264214046822,0.96248619363198518
Seattle,-0.34742605102003138,-0.33110367892976589,0.95259464339087219
Seattle,-0.34742605102003138,-0.32441471571906355,0.94260205049559898
Seattle,-0.34742605102003138,-0.31772575250836121,0.93289674532116984
Seattle,-0.34742605102003138,-0.31103678929765888,0.92384144119958389
Seattle,-0.34742605102003138,-0.30434782608695654,0.91572336352848371
Seattle,-0.34742605102003138,-0.2976588628762542,0.90870009967136089
Seattle,-0.34742605102003138,-0.29096989966555187,0.90275324305746829
Seattle,-0.34742605102003138,-0.28428093645484953,0.89766189484171144
Seattle,-0.34742605102003138,-0.27759197324414719,0.893004993199075
Seattle,-0.34742605102003138,-0.27090301003344486,0.88819578069586247
Seattle,-0.34742605102003138,-0.26421404682274252,0.88254491397334855
Seattle,-0.34742605102003138,-0.25752508361204018,0.87534261441606065
Seattle,-0.34742605102003138,-0.25083612040133785,0.86594644668130893
Seattle,-0.34742605102003138,-0.24414715719063551,0.85386058157273348
Seattle,-0.34742605102003138,-0.23745819397993317,0.83879456884773052
Seattle,-0.34742605102003138,-0.23076923076923084,0.8206938177493357
Seattle,-0.34742605102003138,-0.22408026755852839,0.79973902448737888
Seattle,-0.34742605102003138,-0.21739130434782605,0.77631673631029119
Seattle,-0.34742605102003138,-0.21070234113712372,0.750967465368507
Seattle,-0.34742605102003138,-0.20401337792642138,0.72432085027563731
Seattle,-0.34742605102003138,-0.19732441471571904,0.69702894744230759
Seattle,-0.34742605102003138,-0.19063545150501671,0.66970846228185521
Seattle,-0.34742605102003138,-0.18394648829431437,0.64290041198595027
Seattle,-0.34742605102003138,-0.17725752508361203,0.61705157846960446
Seattle,-0.34742605102003138,-0.1705685618729097,0.59251696350445959
Seattle,-0.34742605102003138,-0.16387959866220736,0.56957755036795765
Seattle,-0.34742605102003138,-0.15719063545150502,0.54846433360014613
Seattle,-0.34742605102003138,-0.15050167224080269,0.5293787329122841
Seattle,-0.34742605102003138,-0.14381270903010035,0.512501363556921
Seattle,-0.34742605102003138,-0.13712374581939801,0.49798511533851253
Seattle,-0.34742605102003138,-0.13043478260869568,0.48593345436209406
Seattle,-0.34742605102003138,-0.12374581939799334,0.47636947153599646
Seattle,-0.34742605102003138,-0.117056856187291,0.46920430205841068
Seattle,-0.34742605102003138,-0.11036789297658867,0.46421441144062947
Seattle,-0.34742605102003138,-0.10367892976588633,0.46103572726546665
Seattle,-0.34742605102003138,-0.096989966555183993,0.45917908650094436
Seattle,-0.34742605102003138,-0.090301003344481656,0.45806680115262344
Seattle,-0.34742605102003138,-0.08361204013377932,0.45708540226310918
Seattle,-0.34742605102003138,-0.076923076923076983,0.45564589135189731
Seattle,-0.34742605102003138,-0.070234113712374646,0.45324096492497862
Seattle,-0.34742605102003138,-0.063545150501672309,0.44948912269645874
Seattle,-0.34742605102003138,-0.056856187290969862,0.44415825636710421
Seattle,-0.34742605102003138,-0.050167224080267525,0.43716567139051549
Seattle,-0.34742605102003138,-0.043478260869565188,0.42855653993680115
Seattle,-0.34742605102003138,-0.036789297658862852,0.41846731994041142
Seattle,-0.34742605102003138,-0.030100334448160515,0.40708355309905259
Seattle,-0.34742605102003138,-0.023411371237458178,0.39460188942648461
Seattle,-0.34742605102003138,-0.016722408026755842,0.38120403339459247
Seattle,-0.34742605102003138,-0.010033444816053505,0.36704618165756003
Seattle,-0.34742605102003138,-0.0033444816053511683,0.3522626684710643
Seattle,-0.34742605102003138,0.0033444816053511683,0.3369784469457266
Seattle,-0.34742605102003138,0.010033444816053505,0.32132295322313897
Seattle,-0.34742605102003138,0.016722408026755842,0.30543838061986195
Seattle,-0.34742605102003138,0.023411371237458178,0.28947811961223091
Seattle,-0.34742605102003138,0.030100334448160515,0.27359506526627425
Seattle,-0.34742605102003138,0.036789297658862852,0.25792330244399303
Seattle,-0.34742605102003138,0.043478260869565188,0.24255914861409289
Seattle,-0.34742605102003138,0.050167224080267525,0.22754797984181074
Seattle,-0.34742605102003138,0.056856187290969862,0.21288167172900727
Seattle,-0.34742605102003138,0.063545150501672198,0.19850843791159886
Seattle,-0.34742605102003138,0.070234113712374535,0.18435330594323929
Seattle,-0.34742605102003138,0.076923076923076872,0.17034448135807331
Seattle,-0.34742605102003138,0.083612040133779209,0.15643925775883169
Seattle,-0.34742605102003138,0.090301003344481545,0.14264334071907298
Seattle,-0.34742605102003138,0.096989966555183882,0.1290193244411669
Seattle,-0.34742605102003138,0.10367892976588622,0.11568295406825603
Seattle,-0.34742605102003138,0.11036789297658856,0.10278880829951045
Seattle,-0.34742605102003138,0.11705685618729089,0.09050927601647224
Seattle,-0.34742605102003138,0.12374581939799323,0.079011647191017789
Seattle,-0.34742605102003138,0.13043478260869557,0.068437748493112086
Seattle,-0.34742605102003138,0.1371237458193979,0.058889208516043082
Seattle,-0.34742605102003138,0.14381270903010024,0.050419722475296504
Seattle,-0.34742605102003138,0.15050167224080258,0.043034137398986622
Seattle,-0.34742605102003138,0.15719063545150491,0.03669311186065656
Seattle,-0.34742605102003138,0.16387959866220725,0.031321585699018085
Seattle,-0.34742605102003138,0.17056856187290959,0.026819223925180848
Seattle,-0.34742605102003138,0.17725752508361192,0.023071219958174689
Seattle,-0.34742605102003138,0.18394648829431426,0.019958222591508871
Seattle,-0.34742605102003138,0.1906354515050166,0.017364592705298065
Seattle,-0.34742605102003138,0.19732441471571893,0.015184624202340848
Seattle,-0.34742605102003138,0.20401337792642149,0.013326710988286902
Seattle,-0.34742605102003138,0.21070234113712383,0.0117156579414073
Seattle,-0.34742605102003138,0.21739130434782616,0.010293409361119749
Seattle,-0.34742605102003138,0.2240802675585285,0.0090184448803754709
Seattle,-0.34742605102003138,0.23076923076923084,0.0078640446991653755
Seattle,-0.34742605102003138,0.23745819397993317,0.0068156215271560159
Seattle,-0.34742605102003138,0.24414715719063551,0.0058673816198798814
Seattle,-0.34742605102003138,0.25083612040133785,0.0050186837764461265
Seattle,-0.34742605102003138,0.25752508361204018,0.004270550746763929
Seattle,-0.34742605102003138,0.26421404682274252,0.0036227921009515996
Seattle,-0.34742605102003138,0.27090301003344486,0.0030720955845670865
Seattle,-0.34742605102003138,0.27759197324414719,0.0026112551340538555
Seattle,-0.34742605102003138,0.28428093645484953,0.0022294810763133915
Seattle,-0.34742605102003138,0.29096989966555187,0.0019135426387167699
Seattle,-0.34742605102003138,0.2976588628762542,0.0016493704314819203
Seattle,-0.34742605102003138,0.30434782608695654,0.0014237156570924088
Seattle,-0.34742605102003138,0.31103678929765888,0.0012255163127055627
Seattle,-0.34742605102003138,0.31772575250836121,0.0010467345577231009
Seattle,-0.34742605102003138,0.32441471571906355,0.00088257254549984482
Seattle,-0.34742605102003138,0.33110367892976589,0.00073111493849214722
Seattle,-0.34742605102003138,0.33779264214046822,0.00059255764733607207
Seattle,-0.34742605102003138,0.34448160535117056,0.00046824431188666053
Seattle,-0.34742605102003138,0.3511705685618729,0.00035973633726847507
Seattle,-0.34742605102003138,0.35785953177257523,0.00026809449763374207
Seattle,-0.34742605102003138,0.36454849498327757,0.00019346871071240581
Seattle,-0.34742605102003138,0.37123745819397991,0.00013500339939133987
Seattle,-0.34742605102003138,0.37792642140468224,9.0993622874485958e-05
Seattle,-0.34742605102003138,0.38461538461538458,5.918769895008138e-05
Seattle,-0.34742605102003138,0.39130434782608692,3.7128432171239788e-05
Seattle,-0.34742605102003138,0.39799331103678925,2.2449050734844783e-05
Seattle,-0.34742605102003138,0.40468227424749159,1.3077206818544607e-05
Seattle,-0.34742605102003138,0.41137123745819393,7.3367667986479783e-06
Seattle,-0.34742605102003138,0.41806020066889626,3.9631818192978844e-06
Seattle,-0.34742605102003138,0.4247491638795986,2.0607881874758939e-06
Seattle,-0.34742605102003138,0.43143812709030094,1.0313171086864349e-06
Seattle,-0.34742605102003138,0.43812709030100327,4.966554404282952e-07
Seattle,-0.34742605102003138,0.44481605351170561,2.3012780823670068e-07
Seattle,-0.34742605102003138,0.45150501672240795,1.0258659762824251e-07
Seattle,-0.34742605102003138,0.45819397993311028,4.3993089252474814e-08
Seattle,-0.34742605102003138,0.46488294314381262,1.8147707869559693e-08
Seattle,-0.34742605102003138,0.47157190635451496,7.2007717104296129e-09
Seattle,-0.34742605102003138,0.47826086956521729,2.7481282966785021e-09
Seattle,-0.34742605102003138,0.48494983277591963,1.0087415860599433e-09
Seattle,-0.34742605102003138,0.49163879598662197,3.5611882285281097e-10
Seattle,-0.34742605102003138,0.4983277591973243,1.209125765202924e-10
Seattle,-0.34742605102003138,0.50501672240802664,3.9482162845905128e-11
Seattle,-0.34742605102003138,0.51170568561872898,1.2398702570855388e-11
Seattle,-0.34742605102003138,0.51839464882943131,3.7444807912194163e-12
Seattle,-0.34742605102003138,0.52508361204013365,1.0875326120195575e-12
Seattle,-0.34742605102003138,0.53177257525083599,3.037556768795417e-13
Seattle,-0.34742605102003138,0.53846153846153832,8.1589592893844099e-14
Seattle,-0.34742605102003138,0.54515050167224088,2.1075154610299067e-14
Seattle,-0.34742605102003138,0.55183946488294322,5.2351638051153517e-15
Seattle,-0.34742605102003138,0.55852842809364556,1.2505801503471223e-15
Seattle,-0.34742605102003138,0.56521739130434789,2.8728509974840462e-16
Seattle,-0.34742605102003138,0.57190635451505023,6.3464930582742619e-17
Seattle,-0.34742605102003138,0.57859531772575257,1.3482570183686079e-17
Seattle,-0.34742605102003138,0.5852842809364549,2.7544123169006217e-18
Seattle,-0.34742605102003138,0.59197324414715724,5.4113041808857041e-19
Seattle,-0.34742605102003138,0.59866220735785958,1.0223300931034004e-19
Seattle,-0.34742605102003138,0.60535117056856191,1.8573600873280348e-20
Seattle,-0.34742605102003138,0.61204013377926425,3.2450133075486324e-21
Seattle,-0.34742605102003138,0.61872909698996659,5.4519513542272497e-22
Seattle,-0.34742605102003138,0.62541806020066892,8.8085077090112629e-23
Seattle,-0.34742605102003138,0.63210702341137126,1.3685711646629267e-23
Seattle,-0.34742605102003138,0.6387959866220736,2.0447817037710265e-24
Seattle,-0.34742605102003138,0.64548494983277593,2.9379263351148127e-25
Seattle,-0.34742605102003138,0.65217391304347827,4.059281148838825e-26
Seattle,-0.34742605102003138,0.65886287625418061,5.3935107771154207e-27
Seattle,-0.34742605102003138,0.66555183946488294,6.8914099591369054e-28
Seattle,-0.34742605102003138,0.67224080267558528,8.4675677107497701e-29
Seattle,-0.34742605102003138,0.67892976588628762,1.0005142484224833e-29
Seattle,-0.34742605102003138,0.68561872909698995,1.1368465420085582e-30
Seattle,-0.34742605102003138,0.69230769230769229,1.242208072129031e-31
Seattle,-0.34742605102003138,0.69899665551839463,1.3052712030785613e-32
Seattle,-0.34742605102003138,0.70568561872909696,1.3189278900527827e-33
Seattle,-0.34742605102003138,0.7123745819397993,1.2816080146751075e-34
Seattle,-0.34742605102003138,0.71906354515050164,1.1975764026577308e-35
Seattle,-0.34742605102003138,0.72575250836120397,1.076130859899829e-36
Seattle,-0.34742605102003138,0.73244147157190631,9.2990968710603452e-38
Seattle,-0.34742605102003138,0.73913043478260865,7.7273446058876755e-39
Seattle,-0.34742605102003138,0.74581939799331098,6.1749522595468019e-40
Seattle,-0.34742605102003138,0.75250836120401332,4.7451586613171713e-41
Seattle,-0.34742605102003138,0.75919732441471566,3.5065632569307235e-42
Seattle,-0.34742605102003138,0.76588628762541799,2.491875953225527e-43
Seattle,-0.34742605102003138,0.77257525083612033,1.70288358565089e-44
Seattle,-0.34742605102003138,0.77926421404682267,1.1190701091879683e-45
Seattle,-0.34742605102003138,0.785953177257525,7.072019124140783e-47
Seattle,-0.34742605102003138,0.79264214046822734,4.2977717784475523e-48
Seattle,-0.34742605102003138,0.79933110367892968,2.5116381107264303e-49
Seattle,-0.34742605102003138,0.80602006688963201,1.4115119813140156e-50
Seattle,-0.34742605102003138,0.81270903010033435,7.6282665993209043e-52
Seattle,-0.34742605102003138,0.81939799331103669,3.9644317443586775e-53
Seattle,-0.34742605102003138,0.82608695652173902,1.9812980635522854e-54
Seattle,-0.34742605102003138,0.83277591973244136,9.5220941761094066e-56
Seattle,-0.34742605102003138,0.8394648829431437,4.4007724861298537e-57
Seattle,-0.34742605102003138,0.84615384615384603,1.955866226892201e-58
Seattle,-0.34742605102003138,0.85284280936454837,8.3591701361291765e-60
Seattle,-0.34742605102003138,0.85953177257525071,3.4355871345387633e-61
Seattle,-0.34742605102003138,0.86622073578595304,1.3578523764922424e-62
Seattle,-0.34742605102003138,0.87290969899665538,5.1608107246885105e-64
Seattle,-0.34742605102003138,0.87959866220735772,1.8862406136457458e-65
Seattle,-0.34742605102003138,0.88628762541806028,6.629641392128719e-67
Seattle,-0.34742605102003138,0.89297658862876261,2.2407673534063678e-68
Seattle,-0.34742605102003138,0.89966555183946495,7.2831169684510763e-70
Seattle,-0.34742605102003138,0.90635451505016729,2.2764157752435911e-71
Seattle,-0.34742605102003138,0.91304347826086962,6.8422615825793028e-73
Seattle,-0.34742605102003138,0.91973244147157196,1.9777051546955565e-74
Seattle,-0.34742605102003138,0.9264214046822743,5.4971451270315078e-76
Seattle,-0.34742605102003138,0.93311036789297663,1.4693546949781802e-77
Seattle,-0.34742605102003138,0.93979933110367897,3.7768511784578874e-79
Seattle,-0.34742605102003138,0.94648829431438131,9.3356999472210016e-81
Seattle,-0.34742605102003138,0.95317725752508364,2.2191041337376617e-82
Seattle,-0.34742605102003138,0.95986622073578598,5.0725024447631995e-84
Seattle,-0.34742605102003138,0.96655518394648832,1.1150148017570595e-85
Seattle,-0.34742605102003138,0.97324414715719065,2.3569631105868939e-87
Seattle,-0.34742605102003138,0.97993311036789299,4.7911384735505532e-89
Seattle,-0.34742605102003138,0.98662207357859533,9.3656612536388061e-91
Seattle,-0.34742605102003138,0.99331103678929766,1.7605645526234778e-92
Seattle,-0.34742605102003138,1,3.1825793916104671e-94
Chicago,-0.34621547616790849,-1,0.0015671916431164706
Chicago,-0.34621547616790849,-0.99331103678929766,0.0024319408451406849
Chicago,-0.34621547616790849,-0.98662207357859533,0.0036763166870843814
Chicago,-0.34621547616790849,-0.97993311036789299,0.005417440239278413
Chicago,-0.34621547616790849,-0.97324414715719065,0.0077870201152291435
Chicago,-0.34621547616790849,-0.96655518394648832,0.010924582155914369
Chicago,-0.34621547616790849,-0.95986622073578598,0.01496740718341022
Chicago,-0.34621547616790849,-0.95317725752508364,0.020037660278224359
Chicago,-0.34621547616790849,-0.94648829431438131,0.026227887395181424
Chicago,-0.34621547616790849,-0.93979933110367897,0.033586681286791063
Chicago,-0.34621547616790849,-0.93311036789297663,0.042106685386026937
Chicago,-0.34621547616790849,-0.9264214046822743,0.05171705620851557
Chicago,-0.34621547616790849,-0.91973244147157196,0.062281996211515971
Chicago,-0.34621547616790849,-0.91304347826086962,0.073606100296649685
Chicago,-0.34621547616790849,-0.90635451505016729,0.085446250036406907
Chicago,-0.34621547616790849,-0.89966555183946484,0.097528892016494825
Chicago,-0.34621547616790849,-0.8929765886287625,0.10957092662772831
Chicago,-0.34621547616790849,-0.88628762541806017,0.12130214387840221
Chicago,-0.34621547616790849,-0.87959866220735783,0.1324870776815544
Chicago,-0.34621547616790849,-0.87290969899665549,0.14294417988983618
Chicago,-0.34621547616790849,-0.86622073578595316,0.15256029290979439
Chicago,-0.34621547616790849,-0.85953177257525082,0.16129862014623861
Chicago,-0.34621547616790849,-0.85284280936454848,0.16919894547498487
Chicago,-0.34621547616790849,-0.84615384615384615,0.17636987555154987
Chicago,-0.34621547616790849,-0.83946488294314381,0.18297430490328193
Chicago,-0.34621547616790849,-0.83277591973244147,0.18921079390226841
Chicago,-0.34621547616790849,-0.82608695652173914,0.19529458065894348
Chicago,-0.34621547616790849,-0.8193979933110368,0.20144203440485164
Chicago,-0.34621547616790849,-0.81270903010033446,0.20786130227971444
Chicago,-0.34621547616790849,-0.80602006688963213,0.21474993575906032
Chicago,-0.34621547616790849,-0.79933110367892979,0.22229801732778162
Chicago,-0.34621547616790849,-0.79264214046822745,0.23069349697506109
Chicago,-0.34621547616790849,-0.78595317725752512,0.24012568633538997
Chicago,-0.34621547616790849,-0.77926421404682278,0.25078335361208115
Chicago,-0.34621547616790849,-0.77257525083612044,0.26284539051685557
Chicago,-0.34621547616790849,-0.76588628762541811,0.27646406926481354
Chicago,-0.34621547616790849,-0.75919732441471566,0.29174290793879853
Chicago,-0.34621547616790849,-0.75250836120401332,0.30871270338786527
Chicago,-0.34621547616790849,-0.74581939799331098,0.32731018357946967
Chicago,-0.34621547616790849,-0.73913043478260865,0.3473639418703251
Chicago,-0.34621547616790849,-0.73244147157190631,0.36859183033508408
Chicago,-0.34621547616790849,-0.72575250836120397,0.39061273122973761
Chicago,-0.34621547616790849,-0.71906354515050164,0.41297350277172773
Chicago,-0.34621547616790849,-0.7123745819397993,0.43518897247074356
Chicago,-0.34621547616790849,-0.70568561872909696,0.45678954304246622
Chicago,-0.34621547616790849,-0.69899665551839463,0.47736811271406132
Chicago,-0.34621547616790849,-0.69230769230769229,0.49661666800166127
Chicago,-0.34621547616790849,-0.68561872909698995,0.51434400220666421
Chicago,-0.34621547616790849,-0.67892976588628762,0.53046983163434525
Chicago,-0.34621547616790849,-0.67224080267558528,0.54499644786499257
Chicago,-0.34621547616790849,-0.66555183946488294,0.55796535657135105
Chicago,-0.34621547616790849,-0.65886287625418061,0.5694110448838775
Chicago,-0.34621547616790849,-0.65217391304347827,0.57932531060243553
Chicago,-0.34621547616790849,-0.64548494983277593,0.58764273038946457
Chicago,-0.34621547616790849,-0.6387959866220736,0.59425153055666768
Chicago,-0.34621547616790849,-0.63210702341137126,0.59902633131304306
Chicago,-0.34621547616790849,-0.62541806020066892,0.60187254508790888
Chicago,-0.34621547616790849,-0.61872909698996659,0.60276884917874374
Chicago,-0.34621547616790849,-0.61204013377926425,0.60179516035919378
Chicago,-0.34621547616790849,-0.60535117056856191,0.59913840060272938
Chicago,-0.34621547616790849,-0.59866220735785958,0.5950752462018174
Chicago,-0.34621547616790849,-0.59197324414715724,0.58993762175248099
Chicago,-0.34621547616790849,-0.5852842809364549,0.58407088523042916
Chicago,-0.34621547616790849,-0.57859531772575257,0.57779540084904446
Chicago,-0.34621547616790849,-0.57190635451505023,0.57137969627002505
Chicago,-0.34621547616790849,-0.56521739130434789,0.56502884189511726
Chicago,-0.34621547616790849,-0.55852842809364556,0.55888675121172582
Chicago,-0.34621547616790849,-0.55183946488294322,0.55304736173847391
Chicago,-0.34621547616790849,-0.54515050167224088,0.54756813463728227
Chicago,-0.34621547616790849,-0.53846153846153855,0.54248023043842364
Chicago,-0.34621547616790849,-0.53177257525083621,0.53779251533940808
Chicago,-0.34621547616790849,-0.52508361204013376,0.53349009993753649
Chicago,-0.34621547616790849,-0.51839464882943143,0.52953108966594575
Chicago,-0.34621547616790849,-0.51170568561872909,0.52584654624294769
Chicago,-0.34621547616790849,-0.50501672240802675,0.52234782998287288
Chicago,-0.34621547616790849,-0.49832775919732442,0.51894279595226334
Chicago,-0.34621547616790849,-0.49163879598662208,0.51555872868867403
Chicago,-0.34621547616790849,-0.48494983277591974,0.51216675818041502
Chicago,-0.34621547616790849,-0.47826086956521741,0.50880102193660015
Chicago,-0.34621547616790849,-0.47157190635451507,0.50556666266129846
Chicago,-0.34621547616790849,-0.46488294314381273,0.5026336777506093
Chicago,-0.34621547616790849,-0.4581939799331104,0.50021768125586652
Chicago,-0.34621547616790849,-0.45150501672240806,0.49855239693636749
Chicago,-0.34621547616790849,-0.44481605351170572,0.4978608842564694
Chicago,-0.34621547616790849,-0.43812709030100339,0.49833242357939356
Chicago,-0.34621547616790849,-0.43143812709030105,0.50010980761795976
Chicago,-0.34621547616790849,-0.42474916387959871,0.50328838599617542
Chicago,-0.34621547616790849,-0.41806020066889638,0.50792480500349202
Chicago,-0.34621547616790849,-0.41137123745819404,0.51405104107731769
Chicago,-0.34621547616790849,-0.4046822742474917,0.52168859862785044
Chicago,-0.34621547616790849,-0.39799331103678925,0.53085856843224188
Chicago,-0.34621547616790849,-0.39130434782608692,0.5415850896261889
Chicago,-0.34621547616790849,-0.38461538461538458,0.55389190682482992
Chicago,-0.34621547616790849,-0.37792642140468224,0.56779353174514258
Chicago,-0.34621547616790849,-0.37123745819397991,0.58328362610999995
Chicago,-0.34621547616790849,-0.36454849498327757,0.60032352697644753
Chicago,-0.34621547616790849,-0.35785953177257523,0.61883347172669934
Chicago,-0.34621547616790849,-0.3511705685618729,0.63868830855589231
Chicago,-0.34621547616790849,-0.34448160535117056,0.65971858055820742
Chicago,-0.34621547616790849,-0.33779264214046822,0.6817170578917533
Chicago,-0.34621547616790849,-0.33110367892976589,0.70445014074455037
Chicago,-0.34621547616790849,-0.32441471571906355,0.72767300014503755
Chicago,-0.34621547616790849,-0.31772575250836121,0.75114671581557269
Chicago,-0.34621547616790849,-0.31103678929765888,0.77465490807290338
Chicago,-0.34621547616790849,-0.30434782608695654,0.79801653458927746
Chicago,-0.34621547616790849,-0.2976588628762542,0.82109099255068185
Chicago,-0.34621547616790849,-0.29096989966555187,0.84377198555544464
Chicago,-0.34621547616790849,-0.28428093645484953,0.86596827806452836
Chicago,-0.34621547616790849,-0.27759197324414719,0.88757256311533494
Chicago,-0.34621547616790849,-0.27090301003344486,0.90842364268745823
Chicago,-0.34621547616790849,-0.26421404682274252,0.92827073768579427
Chicago,-0.34621547616790849,-0.25752508361204018,0.94675048462631906
Chicago,-0.34621547616790849,-0.25083612040133785,0.96338585573880164
Chicago,-0.34621547616790849,-0.24414715719063551,0.97761164995354322
Chicago,-0.34621547616790849,-0.23745819397993317,0.98882441958821166
Chicago,-0.34621547616790849,-0.23076923076923084,0.99644784032436218
Chicago,-0.34621547616790849,-0.22408026755852839,1
Chicago,-0.34621547616790849,-0.21739130434782605,0.99914857162561976
Chicago,-0.34621547616790849,-0.21070234113712372,0.99374358332647073
Chicago,-0.34621547616790849,-0.20401337792642138,0.98382411866966823
Chicago,-0.34621547616790849,-0.19732441471571904,0.96960231959429821
Chicago,-0.34621547616790849,-0.19063545150501671,0.95143301790802726
Chicago,-0.34621547616790849,-0.18394648829431437,0.92977867640425926
Chicago,-0.34621547616790849,-0.17725752508361203,0.90517712924848592
Chicago,-0.34621547616790849,-0.1705685618729097,0.8782153529668657
Chicago,-0.34621547616790849,-0.16387959866220736,0.84950831528512405
Chicago,-0.34621547616790849,-0.15719063545150502,0.81967963134815969
Chicago,-0.34621547616790849,-0.15050167224080269,0.78934098059792324
Chicago,-0.34621547616790849,-0.14381270903010035,0.75906938516731304
Chicago,-0.34621547616790849,-0.13712374581939801,0.72938407043115017
Chicago,-0.34621547616790849,-0.13043478260869568,0.70072625115103293
Chicago,-0.34621547616790849,-0.12374581939799334,0.67344505943933908
Chicago,-0.34621547616790849,-0.117056856187291,0.64779120169150972
Chicago,-0.34621547616790849,-0.11036789297658867,0.62391778479583526
Chicago,-0.34621547616790849,-0.10367892976588633,0.60188619224410556
Chicago,-0.34621547616790849,-0.096989966555183993,0.58167454842836419
Chicago,-0.34621547616790849,-0.090301003344481656,0.56318708359077529
Chicago,-0.34621547616790849,-0.08361204013377932,0.54626394887359597
Chicago,-0.34621547616790849,-0.076923076923076983,0.53069197621952524
Chicago,-0.34621547616790849,-0.070234113712374646,0.5162171063052674
Chicago,-0.34621547616790849,-0.063545150501672309,0.50255878740012871
Chicago,-0.34621547616790849,-0.056856187290969862,0.48942598533416531
Chicago,-0.34621547616790849,-0.050167224080267525,0.47653395690863604
Chicago,-0.34621547616790849,-0.043478260869565188,0.46362078909583437
Chicago,-0.34621547616790849,-0.036789297658862852,0.45046276304299232
Chicago,-0.34621547616790849,-0.030100334448160515,0.4368876190317153
Chicago,-0.34621547616790849,-0.023411371237458178,0.42278465772997781
Chicago,-0.34621547616790849,-0.016722408026755842,0.40811044292209142
Chicago,-0.34621547616790849,-0.010033444816053505,0.39288895732547835
Chicago,-0.34621547616790849,-0.0033444816053511683,0.37720562174834321
Chicago,-0.34621547616790849,0.0033444816053511683,0.36119556930652075
Chicago,-0.34621547616790849,0.010033444816053505,0.34502763935458652
Chicago,-0.34621547616790849,0.016722408026755842,0.32888628581676699
Chicago,-0.34621547616790849,0.023411371237458178,0.31295370125933358
Chicago,-0.34621547616790849,0.030100334448160515,0.29739398100464964
Chicago,-0.34621547616790849,0.036789297658862852,0.28234041995177545
Chicago,-0.34621547616790849,0.043478260869565188,0.2678864604766219
Chicago,-0.34621547616790849,0.050167224080267525,0.25408063363103195
Chicago,-0.34621547616790849,0.056856187290969862,0.24092597955665732
Chicago,-0.34621547616790849,0.063545150501672198,0.22838454614856549
Chicago,-0.34621547616790849,0.070234113712374535,0.21638724395649117
Chicago,-0.34621547616790849,0.076923076923076872,0.20484839416314854
Chicago,-0.34621547616790849,0.083612040133779209,0.19368294577036838
Chicago,-0.34621547616790849,0.090301003344481545,0.18282310554692013
Chicago,-0.34621547616790849,0.096989966555183882,0.17223066882524621
Chicago,-0.34621547616790849,0.10367892976588622,0.16190207500915849
Chicago,-0.34621547616790849,0.11036789297658856,0.15186506684968751
Chicago,-0.34621547616790849,0.11705685618729089,0.14216822425994152
Chicago,-0.34621547616790849,0.12374581939799323,0.13286670510234863
Chicago,-0.34621547616790849,0.13043478260869557,0.12400848075903678
Chicago,-0.34621547616790849,0.1371237458193979,0.1156248561931585
Chicago,-0.34621547616790849,0.14381270903010024,0.10772733762721749
Chicago,-0.34621547616790849,0.15050167224080258,0.10031064272588136
Chicago,-0.34621547616790849,0.15719063545150491,0.093359687415888765
Chicago,-0.34621547616790849,0.16387959866220725,0.086857396519968086
Chicago,-0.34621547616790849,0.17056856187290959,0.080790413158940019
Chicago,-0.34621547616790849,0.17725752508361192,0.075150989044806063
Chicago,-0.34621547616790849,0.18394648829431426,0.06993495517018361
Chicago,-0.34621547616790849,0.1906354515050166,0.06513705695793541
Chicago,-0.34621547616790849,0.19732441471571893,0.060745633797458905
Chicago,-0.34621547616790849,0.20401337792642149,0.056738514919751799
Chicago,-0.34621547616790849,0.21070234113712383,0.053081307687070062
Chicago,-0.34621547616790849,0.21739130434782616,0.049728365524349664
Chicago,-0.34621547616790849,0.2240802675585285,0.046626006906191862
Chicago,-0.34621547616790849,0.23076923076923084,0.043717195103908035
Chicago,-0.34621547616790849,0.23745819397993317,0.040946844214332825
Chicago,-0.34621547616790849,0.24414715719063551,0.03826702440401003
Chicago,-0.34621547616790849,0.25083612040133785,0.035641442591923901
Chicago,-0.34621547616790849,0.25752508361204018,0.033048628566308427
Chicago,-0.34621547616790849,0.26421404682274252,0.030483330954005752
Chicago,-0.34621547616790849,0.27090301003344486,0.027955828704145615
Chicago,-0.34621547616790849,0.27759197324414719,0.025489231910678308
Chicago,-0.34621547616790849,0.28428093645484953,0.023115300616718921
Chicago,-0.34621547616790849,0.29096989966555187,0.020869678752667632
Chicago,-0.34621547616790849,0.2976588628762542,0.018787547705438962
Chicago,-0.34621547616790849,0.30434782608695654,0.016900472332027693
Chicago,-0.34621547616790849,0.31103678929765888,0.01523471147123946
Chicago,-0.34621547616790849,0.31772575250836121,0.013810689339267355
Chicago,-0.34621547616790849,0.32441471571906355,0.012642907682607172
Chicago,-0.34621547616790849,0.33110367892976589,0.011739492591204737
Chicago,-0.34621547616790849,0.33779264214046822,0.011100850062271945
Chicago,-0.34621547616790849,0.34448160535117056,0.010717437730845304
Chicago,-0.34621547616790849,0.3511705685618729,0.010567234318397574
Chicago,-0.34621547616790849,0.35785953177257523,0.010613878409027491
Chicago,-0.34621547616790849,0.36454849498327757,0.01080650251382065
Chicago,-0.34621547616790849,0.37123745819397991,0.01108197935438909
Chicago,-0.34621547616790849,0.37792642140468224,0.011369721092827098
Chicago,-0.34621547616790849,0.38461538461538458,0.011598505466220954
Chicago,-0.34621547616790849,0.39130434782608692,0.011704239105428562
Chicago,-0.34621547616790849,0.39799331103678925,0.011637261094768201
Chicago,-0.34621547616790849,0.40468227424749159,0.011367816814959342
Chicago,-0.34621547616790849,0.41137123745819393,0.010888684506069151
Chicago,-0.34621547616790849,0.41806020066889626,0.010214527057776786
Chicago,-0.34621547616790849,0.4247491638795986,0.0093782234101082804
Chicago,-0.34621547616790849,0.43143812709030094,0.0084250363926118323
Chicago,-0.34621547616790849,0.43812709030100327,0.0074058439096978115
Chicago,-0.34621547616790849,0.44481605351170561,0.0063707098587758139
Chicago,-0.34621547616790849,0.45150501672240795,0.0053638085663606653
Chicago,-0.34621547616790849,0.45819397993311028,0.0044202467902810802
Chicago,-0.34621547616790849,0.46488294314381262,0.0035648131650539198
Chicago,-0.34621547616790849,0.47157190635451496,0.0028122838031780224
Chicago,-0.34621547616790849,0.47826086956521729,0.0021687182250090631
Chicago,-0.34621547616790849,0.48494983277591963,0.0016331951513949444
Chicago,-0.34621547616790849,0.49163879598662197,0.0011995915595716816
Chicago,-0.34621547616790849,0.4983277591973243,0.00085819999666435741
Chicago,-0.34621547616790849,0.50501672240802664,0.00059712692360946562
Chicago,-0.34621547616790849,0.51170568561872898,0.00040348469233860963
Chicago,-0.34621547616790849,0.51839464882943131,0.00026439399592062784
Chicago,-0.34621547616790849,0.52508361204013365,0.00016778920050766429
Chicago,-0.34621547616790849,0.53177257525083599,0.00010300109098687418
Chicago,-0.34621547616790849,0.53846153846153832,6.1097246654067831e-05
Chicago,-0.34621547616790849,0.54515050167224088,3.4986419045763604e-05
Chicago,-0.34621547616790849,0.55183946488294322,1.9325373240738919e-05
Chicago,-0.34621547616790849,0.55852842809364556,1.0289891360625931e-05
Chicago,-0.34621547616790849,0.56521739130434789,5.2783436812367477e-06
Chicago,-0.34621547616790849,0.57190635451505023,2.6072180505374833e-06
Chicago,-0.34621547616790849,0.57859531772575257,1.2395732030249863e-06
Chicago,-0.34621547616790849,0.5852842809364549,5.6706465550582727e-07
Chicago,-0.34621547616790849,0.59197324414715724,2.4953553136934166e-07
Chicago,-0.34621547616790849,0.59866220735785958,1.0560021609019986e-07
Chicago,-0.34621547616790849,0.60535117056856191,4.2967385345246146e-08
Chicago,-0.34621547616790849,0.61204013377926425,1.6806486737932349e-08
Chicago,-0.34621547616790849,0.61872909698996659,6.3184674560842848e-09
Chicago,-0.34621547616790849,0.62541806020066892,2.282890619291718e-09
Chicago,-0.34621547616790849,0.63210702341137126,7.9258523045919887e-10
Chicago,-0.34621547616790849,0.6387959866220736,2.643926338088958e-10
Chicago,-0.34621547616790849,0.64548494983277593,8.4733509733556605e-11
Chicago,-0.34621547616790849,0.65217391304347827,2.6087210009173962e-11
Chicago,-0.34621547616790849,0.65886287625418061,7.7149709719555839e-12
Chicago,-0.34621547616790849,0.66555183946488294,2.1915217355440585e-12
Chicago,-0.34621547616790849,0.67224080267558528,5.9790920136323289e-13
Chicago,-0.34621547616790849,0.67892976588628762,1.56667171095837e-13
Chicago,-0.34621547616790849,0.68561872909698995,3.942315094204548e-14
Chicago,-0.34621547616790849,0.69230769230769229,9.5265175638064263e-15
Chicago,-0.34621547616790849,0.69899665551839463,2.2105836723642897e-15
Chicago,-0.34621547616790849,0.70568561872909696,4.9255129528359653e-16
Chicago,-0.34621547616790849,0.7123745819397993,1.0537817650572277e-16
Chicago,-0.34621547616790849,0.71906354515050164,2.1646549553548931e-17
Chicago,-0.34621547616790849,0.72575250836120397,4.2692398193515669e-18
Chicago,-0.34621547616790849,0.73244147157190631,8.0839254240257209e-19
Chicago,-0.34621547616790849,0.73913043478260865,1.4695716850878355e-19
Chicago,-0.34621547616790849,0.74581939799331098,2.5647416560766736e-20
Chicago,-0.34621547616790849,0.75250836120401332,4.2970382812531032e-21
Chicago,-0.34621547616790849,0.75919732441471566,6.9112503263429461e-22
Chicago,-0.34621547616790849,0.76588628762541799,1.0670764148054909e-22
Chicago,-0.34621547616790849,0.77257525083612033,1.5815255187767106e-23
Chicago,-0.34621547616790849,0.77926421404682267,2.2500362676323787e-24
Chicago,-0.34621547616790849,0.785953177257525,3.0727472123418475e-25
Chicago,-0.34621547616790849,0.79264214046822734,4.0279123138215141e-26
Chicago,-0.34621547616790849,0.79933110367892968,5.0680554738021144e-27
Chicago,-0.34621547616790849,0.80602006688963201,6.1207359054587686e-28
Chicago,-0.34621547616790849,0.81270903010033435,7.0951242873117335e-29
Chicago,-0.34621547616790849,0.81939799331103669,7.8941249470980798e-30
Chicago,-0.34621547616790849,0.82608695652173902,8.4300374062856984e-31
Chicago,-0.34621547616790849,0.83277591973244136,8.6403384686457207e-32
Chicago,-0.34621547616790849,0.8394648829431437,8.4996746891899738e-33
Chicago,-0.34621547616790849,0.84615384615384603,8.0248882102295285e-34
Chicago,-0.34621547616790849,0.85284280936454837,7.2716997587521218e-35
Chicago,-0.34621547616790849,0.85953177257525071,6.3239515154778115e-36
Chicago,-0.34621547616790849,0.86622073578595304,5.2782796916435246e-37
Chicago,-0.34621547616790849,0.87290969899665538,4.2280820234591e-38
Chicago,-0.34621547616790849,0.87959866220735772,3.2504060975034241e-39
Chicago,-0.34621547616790849,0.88628762541806028,2.3981223849439874e-40
Chicago,-0.34621547616790849,0.89297658862876261,1.6980130978449475e-41
Chicago,-0.34621547616790849,0.89966555183946495,1.1538340701498553e-42
Chicago,-0.34621547616790849,0.90635451505016729,7.5244565091837593e-44
Chicago,-0.34621547616790849,0.91304347826086962,4.7090505700786518e-45
Chicago,-0.34621547616790849,0.91973244147157196,2.8282327546633914e-46
Chicago,-0.34621547616790849,0.9264214046822743,1.6301133076496068e-47
Chicago,-0.34621547616790849,0.93311036789297663,9.0165147878576239e-49
Chicago,-0.34621547616790849,0.93979933110367897,4.7860298351849914e-50
Chicago,-0.34621547616790849,0.94648829431438131,2.4379542537247288e-51
Chicago,-0.34621547616790849,0.95317725752508364,1.1917548129116911e-52
Chicago,-0.34621547616790849,0.95986622073578598,5.5905863101984903e-54
Chicago,-0.34621547616790849,0.96655518394648832,2.5167196820174899e-55
Chicago,-0.34621547616790849,0.97324414715719065,1.0872200196496757e-56
Chicago,-0.34621547616790849,0.97993311036789299,4.5071632632398184e-58
Chicago,-0.34621547616790849,0.98662207357859533,1.7930426632898391e-59
Chicago,-0.34621547616790849,0.99331103678929766,6.8450677254055987e-61
Chicago,-0.34621547616790849,1,2.5076276563438716e-62
 Boston,-0.3178687126683048,-1,6.3093711646004457e-06
 Boston,-0.3178687126683048,-0.99331103678929766,1.2065654058152059e-05
 Boston,-0.3178687126683048,-0.98662207357859533,2.2215994636573248e-05
 Boston,-0.3178687126683048,-0.97993311036789299,3.9439976748686042e-05
 Boston,-0.3178687126683048,-0.97324414715719065,6.7618860077696077e-05
 Boston,-0.3178687126683048,-0.96655518394648832,0.00011216416357346661
 Boston,-0.3178687126683048,-0.95986622073578598,0.00018036776391560156
 Boston,-0.3178687126683048,-0.95317725752508364,0.00028175784067306989
 Boston,-0.3178687126683048,-0.94648829431438131,0.00042842545723285934
 Boston,-0.3178687126683048,-0.93979933110367897,0.00063524112021327058
 Boston,-0.3178687126683048,-0.93311036789297663,0.00091980974949845001
 Boston,-0.3178687126683048,-0.9264214046822743,0.0013019424946958712
 Boston,-0.3178687126683048,-0.91973244147157196,0.0018024127373962888
 Boston,-0.3178687126683048,-0.91304347826086962,0.0024408853439767671
 Boston,-0.3178687126683048,-0.90635451505016729,0.0032332108608325587
 Boston,-0.3178687126683048,-0.89966555183946484,0.0041887275161873279
 Boston,-0.3178687126683048,-0.8929765886287625,0.0053086658765383694
 Boston,-0.3178687126683048,-0.88628762541806017,0.0065869626466670689
 Boston,-0.3178687126683048,-0.87959866220735783,0.0080145213051332972
 Boston,-0.3178687126683048,-0.87290969899665549,0.0095871076126066799
 Boston,-0.3178687126683048,-0.86622073578595316,0.011315788760748707
 Boston,-0.3178687126683048,-0.85953177257525082,0.013237525366642695
 Boston,-0.3178687126683048,-0.85284280936454848,0.015422738642886385
 Boston,-0.3178687126683048,-0.84615384615384615,0.017976826368168417
 Boston,-0.3178687126683048,-0.83946488294314381,0.021033793161989119
 Boston,-0.3178687126683048,-0.83277591973244147,0.024742092850605441
 Boston,-0.3178687126683048,-0.82608695652173914,0.02924486084067416
 Boston,-0.3178687126683048,-0.8193979933110368,0.034658305101541852
 Boston,-0.3178687126683048,-0.81270903010033446,0.0410526972444153
 Boston,-0.3178687126683048,-0.80602006688963213,0.048440069141263448
 Boston,-0.3178687126683048,-0.79933110367892979,0.056771573101625589
 Boston,-0.3178687126683048,-0.79264214046822745,0.065945822254639172
 Boston,-0.3178687126683048,-0.78595317725752512,0.075827663526778277
 Boston,-0.3178687126683048,-0.77926421404682278,0.086274916643775026
 Boston,-0.3178687126683048,-0.77257525083612044,0.097168780732160925
 Boston,-0.3178687126683048,-0.76588628762541811,0.10844211695362688
 Boston,-0.3178687126683048,-0.75919732441471566,0.12009909578848024
 Boston,-0.3178687126683048,-0.75250836120401332,0.13222028415428369
 Boston,-0.3178687126683048,-0.74581939799331098,0.14494952501010266
 Boston,-0.3178687126683048,-0.73913043478260865,0.15846285826469117
 Boston,-0.3178687126683048,-0.73244147157190631,0.17292451631238165
 Boston,-0.3178687126683048,-0.72575250836120397,0.18843937199732394
 Boston,-0.3178687126683048,-0.71906354515050164,0.20501357169097872
 Boston,-0.3178687126683048,-0.7123745819397993,0.22253427472277215
 Boston,-0.3178687126683048,-0.70568561872909696,0.24077521082059714
 Boston,-0.3178687126683048,-0.69899665551839463,0.25942813913345253
 Boston,-0.3178687126683048,-0.69230769230769229,0.27815321376938384
 Boston,-0.3178687126683048,-0.68561872909698995,0.29663601019805425
 Boston,-0.3178687126683048,-0.67892976588628762,0.31463727130500652
 Boston,-0.3178687126683048,-0.67224080267558528,0.33202380483467686
 Boston,-0.3178687126683048,-0.66555183946488294,0.34877454408485969
 Boston,-0.3178687126683048,-0.65886287625418061,0.36496272509435801
 Boston,-0.3178687126683048,-0.65217391304347827,0.38072132880076381
 Boston,-0.3178687126683048,-0.64548494983277593,0.39620272232044129
 Boston,-0.3178687126683048,-0.6387959866220736,0.41154400077334774
 Boston,-0.3178687126683048,-0.63210702341137126,0.42684697314120301
 Boston,-0.3178687126683048,-0.62541806020066892,0.4421768570027661
 Boston,-0.3178687126683048,-0.61872909698996659,0.4575778152603327
 Boston,-0.3178687126683048,-0.61204013377926425,0.47309799990840423
 Boston,-0.3178687126683048,-0.60535117056856191,0.48881330718007793
 Boston,-0.3178687126683048,-0.59866220735785958,0.50483883993596068
 Boston,-0.3178687126683048,-0.59197324414715724,0.52132062177001015
 Boston,-0.3178687126683048,-0.5852842809364549,0.53840677276988536
 Boston,-0.3178687126683048,-0.57859531772575257,0.55620525177673097
 Boston,-0.3178687126683048,-0.57190635451505023,0.57474167714378577
 Boston,-0.3178687126683048,-0.56521739130434789,0.59393303201048897
 Boston,-0.3178687126683048,-0.55852842809364556,0.61358981392599821
 Boston,-0.3178687126683048,-0.55183946488294322,0.63345095433510279
 Boston,-0.3178687126683048,-0.54515050167224088,0.65324515564181984
 Boston,-0.3178687126683048,-0.53846153846153855,0.67276284787273088
 Boston,-0.3178687126683048,-0.53177257525083621,0.69191815074105734
 Boston,-0.3178687126683048,-0.52508361204013376,0.71078182420338332
 Boston,-0.3178687126683048,-0.51839464882943143,0.72957371025706508
 Boston,-0.3178687126683048,-0.51170568561872909,0.74861412420903917
 Boston,-0.3178687126683048,-0.50501672240802675,0.76824459899366193
 Boston,-0.3178687126683048,-0.49832775919732442,0.78873619382350679
 Boston,-0.3178687126683048,-0.49163879598662208,0.81020640352611284
 Boston,-0.3178687126683048,-0.48494983277591974,0.83256331475987144
 Boston,-0.3178687126683048,-0.47826086956521741,0.8554891557286064
 Boston,-0.3178687126683048,-0.47157190635451507,0.87846663262607738
 Boston,-0.3178687126683048,-0.46488294314381273,0.90084247088553115
 Boston,-0.3178687126683048,-0.4581939799331104,0.92191520792589066
 Boston,-0.3178687126683048,-0.45150501672240806,0.94102991463276886
 Boston,-0.3178687126683048,-0.44481605351170572,0.9576619476538043
 Boston,-0.3178687126683048,-0.43812709030100339,0.97147505898897268
 Boston,-0.3178687126683048,-0.43143812709030105,0.98234534654962746
 Boston,-0.3178687126683048,-0.42474916387959871,0.99035004485271172
 Boston,-0.3178687126683048,-0.41806020066889638,0.995727194969107
 Boston,-0.3178687126683048,-0.41137123745819404,0.99881726630484979
 Boston,-0.3178687126683048,-0.4046822742474917,1
 Boston,-0.3178687126683048,-0.39799331103678925,0.99963903671398191
 Boston,-0.3178687126683048,-0.39130434782608692,0.99804376398584271
 Boston,-0.3178687126683048,-0.38461538461538458,0.99545305958373209
 Boston,-0.3178687126683048,-0.37792642140468224,0.99204020889476929
 Boston,-0.3178687126683048,-0.37123745819397991,0.9879334220378273
 Boston,-0.3178687126683048,-0.36454849498327757,0.98324332002274262
 Boston,-0.3178687126683048,-0.35785953177257523,0.97808841949566039
 Boston,-0.3178687126683048,-0.3511705685618729,0.97261209231542078
 Boston,-0.3178687126683048,-0.34448160535117056,0.96698865777058896
 Boston,-0.3178687126683048,-0.33779264214046822,0.96142031982834542
 Boston,-0.3178687126683048,-0.33110367892976589,0.9561287869561681
 Boston,-0.3178687126683048,-0.32441471571906355,0.95134484414868736
 Boston,-0.3178687126683048,-0.31772575250836121,0.94729663711412471
 Boston,-0.3178687126683048,-0.31103678929765888,0.9441948563811704
 Boston,-0.3178687126683048,-0.30434782608695654,0.94221230139215484
 Boston,-0.3178687126683048,-0.2976588628762542,0.94145728797289541
 Boston,-0.3178687126683048,-0.29096989966555187,0.94194424037115254
 Boston,-0.3178687126683048,-0.28428093645484953,0.94356858367367458
 Boston,-0.3178687126683048,-0.27759197324414719,0.94609463177027908
 Boston,-0.3178687126683048,-0.27090301003344486,0.94916348783734783
 Boston,-0.3178687126683048,-0.26421404682274252,0.95232350146819778
 Boston,-0.3178687126683048,-0.25752508361204018,0.95508018839136433
 Boston,-0.3178687126683048,-0.25083612040133785,0.95695760312156219
 Boston,-0.3178687126683048,-0.24414715719063551,0.95756024871881151
 Boston,-0.3178687126683048,-0.23745819397993317,0.95662406457836358
 Boston,-0.3178687126683048,-0.23076923076923084,0.95404653568022812
 Boston,-0.3178687126683048,-0.22408026755852839,0.94988905110419863
 Boston,-0.3178687126683048,-0.21739130434782605,0.94434902699836865
 Boston,-0.3178687126683048,-0.21070234113712372,0.93770480569398984
 Boston,-0.3178687126683048,-0.20401337792642138,0.93024243260078532
 Boston,-0.3178687126683048,-0.19732441471571904,0.92217891977831179
 Boston,-0.3178687126683048,-0.19063545150501671,0.91359977388143632
 Boston,-0.3178687126683048,-0.18394648829431437,0.90442765127390146
 Boston,-0.3178687126683048,-0.17725752508361203,0.89443313679037317
 Boston,-0.3178687126683048,-0.1705685618729097,0.88328854760422026
 Boston,-0.3178687126683048,-0.16387959866220736,0.87065380251571567
 Boston,-0.3178687126683048,-0.15719063545150502,0.85627337283926042
 Boston,-0.3178687126683048,-0.15050167224080269,0.84005868057820288
 Boston,-0.3178687126683048,-0.14381270903010035,0.82213312356727708
 Boston,-0.3178687126683048,-0.13712374581939801,0.80282684826450401
 Boston,-0.3178687126683048,-0.13043478260869568,0.78262257353892817
 Boston,-0.3178687126683048,-0.12374581939799334,0.76206764657970383
 Boston,-0.3178687126683048,-0.117056856187291,0.74167649111679168
 Boston,-0.3178687126683048,-0.11036789297658867,0.72184877050747631
 Boston,-0.3178687126683048,-0.10367892976588633,0.70282181454172898
 Boston,-0.3178687126683048,-0.096989966555183993,0.68466386108079258
 Boston,-0.3178687126683048,-0.090301003344481656,0.66730189241536397
 Boston,-0.3178687126683048,-0.08361204013377932,0.65056872831887258
 Boston,-0.3178687126683048,-0.076923076923076983,0.63425129853461837
 Boston,-0.3178687126683048,-0.070234113712374646,0.61812579151218738
 Boston,-0.3178687126683048,-0.063545150501672309,0.60197342902337758
 Boston,-0.3178687126683048,-0.056856187290969862,0.58557947852827019
 Boston,-0.3178687126683048,-0.050167224080267525,0.56872454417467544
 Boston,-0.3178687126683048,-0.043478260869565188,0.55117929376785513
 Boston,-0.3178687126683048,-0.036789297658862852,0.53271148245580746
 Boston,-0.3178687126683048,-0.030100334448160515,0.51310879449243574
 Boston,-0.3178687126683048,-0.023411371237458178,0.49221474952009447
 Boston,-0.3178687126683048,-0.016722408026755842,0.46996976863819873
 Boston,-0.3178687126683048,-0.010033444816053505,0.44644690290015332
 Boston,-0.3178687126683048,-0.0033444816053511683,0.42187222369541644
 Boston,-0.3178687126683048,0.0033444816053511683,0.39662308224137832
 Boston,-0.3178687126683048,0.010033444816053505,0.37120228981324044
 Boston,-0.3178687126683048,0.016722408026755842,0.34619135249620958
 Boston,-0.3178687126683048,0.023411371237458178,0.32218992821087289
 Boston,-0.3178687126683048,0.030100334448160515,0.29975085579769761
 Boston,-0.3178687126683048,0.036789297658862852,0.27932028013714222
 Boston,-0.3178687126683048,0.043478260869565188,0.26119095867836573
 Boston,-0.3178687126683048,0.050167224080267525,0.24547443664465726
 Boston,-0.3178687126683048,0.056856187290969862,0.23209500868134891
 Boston,-0.3178687126683048,0.063545150501672198,0.22080558355705504
 Boston,-0.3178687126683048,0.070234113712374535,0.21122286146335478
 Boston,-0.3178687126683048,0.076923076923076872,0.20287672402058682
 Boston,-0.3178687126683048,0.083612040133779209,0.19526669709092476
 Boston,-0.3178687126683048,0.090301003344481545,0.18791724670831225
 Boston,-0.3178687126683048,0.096989966555183882,0.18042399468411069
 Boston,-0.3178687126683048,0.10367892976588622,0.17248488848493848
 Boston,-0.3178687126683048,0.11036789297658856,0.16391360301066335
 Boston,-0.3178687126683048,0.11705685618729089,0.15463615415977203
 Boston,-0.3178687126683048,0.12374581939799323,0.14467481333352866
 Boston,-0.3178687126683048,0.13043478260869557,0.13412508917581178
 Boston,-0.3178687126683048,0.1371237458193979,0.12313149574956521
 Boston,-0.3178687126683048,0.14381270903010024,0.11186637384612967
 Boston,-0.3178687126683048,0.15050167224080258,0.10051389043661911
 Boston,-0.3178687126683048,0.15719063545150491,0.089259282176084295
 Boston,-0.3178687126683048,0.16387959866220725,0.07828198142872346
 Boston,-0.3178687126683048,0.17056856187290959,0.06775068790553776
 Boston,-0.3178687126683048,0.17725752508361192,0.057818664382099233
 Boston,-0.3178687126683048,0.18394648829431426,0.048618304614585411
 Boston,-0.3178687126683048,0.1906354515050166,0.040255024120042338
 Boston,-0.3178687126683048,0.19732441471571893,0.032801417033993745
 Boston,-0.3178687126683048,0.20401337792642149,0.026293107508703839
 Boston,-0.3178687126683048,0.21070234113712383,0.02072763551688581
 Boston,-0.3178687126683048,0.21739130434782616,0.016067089693637838
 Boston,-0.3178687126683048,0.2240802675585285,0.012244273349978189
 Boston,-0.3178687126683048,0.23076923076923084,0.0091713161706893226
 Boston,-0.3178687126683048,0.23745819397993317,0.0067491379391727965
 Boston,-0.3178687126683048,0.24414715719063551,0.004876176647741366
 Boston,-0.3178687126683048,0.25083612040133785,0.0034552411680827421
 Boston,-0.3178687126683048,0.25752508361204018,0.0023980114492351506
 Boston,-0.3178687126683048,0.26421404682274252,0.0016273249263498539
 Boston,-0.3178687126683048,0.27090301003344486,0.0010777738685393038
 Boston,-0.3178687126683048,0.27759197324414719,0.00069524606323156577
 Boston,-0.3178687126683048,0.28428093645484953,0.00043593785487516204
 Boston,-0.3178687126683048,0.29096989966555187,0.00026517429119678665
 Boston,-0.3178687126683048,0.2976588628762542,0.0001561926338344716
 Boston,-0.3178687126683048,0.30434782608695654,8.8937880018533474e-05
 Boston,-0.3178687126683048,0.31103678929765888,4.8883947453481541e-05
 Boston,-0.3178687126683048,0.31772575250836121,2.5902250744748265e-05
 Boston,-0.3178687126683048,0.32441471571906355,1.3216524560043255e-05
 Boston,-0.3178687126683048,0.33110367892976589,6.4877461506684984e-06
 Boston,-0.3178687126683048,0.33779264214046822,3.0613916545853328e-06
 Boston,-0.3178687126683048,0.34448160535117056,1.387710940539742e-06
 Boston,-0.3178687126683048,0.3511705685618729,6.0393161853231762e-07
 Boston,-0.3178687126683048,0.35785953177257523,2.5221935327407075e-07
 Boston,-0.3178687126683048,0.36454849498327757,1.0104096227734711e-07
 Boston,-0.3178687126683048,0.37123745819397991,3.8814974296792912e-08
 Boston,-0.3178687126683048,0.37792642140468224,1.429425015906565e-08
 Boston,-0.3178687126683048,0.38461538461538458,5.0452237265039099e-09
 Boston,-0.3178687126683048,0.39130434782608692,1.7063542188002669e-09
 Boston,-0.3178687126683048,0.39799331103678925,5.5290907038738698e-10
 Boston,-0.3178687126683048,0.40468227424749159,1.7162128702786262e-10
 Boston,-0.3178687126683048,0.41137123745819393,5.1023228232621798e-11
 Boston,-0.3178687126683048,0.41806020066889626,1.4527745735959538e-11
 Boston,-0.3178687126683048,0.4247491638795986,3.9611632145739049e-12
 Boston,-0.3178687126683048,0.43143812709030094,1.0342073565623471e-12
 Boston,-0.3178687126683048,0.43812709030100327,2.5853757871844902e-13
 Boston,-0.3178687126683048,0.44481605351170561,6.1879330085714021e-14
 Boston,-0.3178687126683048,0.45150501672240795,1.4179190049173034e-14
 Boston,-0.3178687126683048,0.45819397993311028,3.1104411338644563e-15
 Boston,-0.3178687126683048,0.46488294314381262,6.5319154395691889e-16
 Boston,-0.3178687126683048,0.47157190635451496,1.3130838283908977e-16
 Boston,-0.3178687126683048,0.47826086956521729,2.5267646045691722e-17
 Boston,-0.3178687126683048,0.48494983277591963,4.6542121823134202e-18
 Boston,-0.3178687126683048,0.49163879598662197,8.2059068585908776e-19
 Boston,-0.3178687126683048,0.4983277591973243,1.3848319966944848e-19
 Boston,-0.3178687126683048,0.50501672240802664,2.2369165387190371e-20
 Boston,-0.3178687126683048,0.51170568561872898,3.4584189622527421e-21
 Boston,-0.3178687126683048,0.51839464882943131,5.1176933642569911e-22
 Boston,-0.3178687126683048,0.52508361204013365,7.248265848984915e-23
 Boston,-0.3178687126683048,0.53177257525083599,9.8254421903057221e-24
 Boston,-0.3178687126683048,0.53846153846153832,1.2747460814444402e-24
 Boston,-0.3178687126683048,0.54515050167224088,1.582868216730831e-25
 Boston,-0.3178687126683048,0.55183946488294322,1.8810988788107016e-26
 Boston,-0.3178687126683048,0.55852842809364556,2.1395425930359426e-27
 Boston,-0.3178687126683048,0.56521739130434789,2.3290009320291768e-28
 Boston,-0.3178687126683048,0.57190635451505023,2.4263589434638169e-29
 Boston,-0.3178687126683048,0.57859531772575257,2.4192157001245785e-30
 Boston,-0.3178687126683048,0.5852842809364549,2.3084794534929947e-31
 Boston,-0.3178687126683048,0.59197324414715724,2.1081777863302924e-32
 Boston,-0.3178687126683048,0.59866220735785958,1.842537567324174e-33
 Boston,-0.3178687126683048,0.60535117056856191,1.5411738525731028e-34
 Boston,-0.3178687126683048,0.61204013377926425,1.2337054546904617e-35
 Boston,-0.3178687126683048,0.61872909698996659,9.4513631777729184e-37
 Boston,-0.3178687126683048,0.62541806020066892,6.9294568461229806e-38
 Boston,-0.3178687126683048,0.63210702341137126,4.8621066888606103e-39
 Boston,-0.3178687126683048,0.6387959866220736,3.2648947903687473e-40
 Boston,-0.3178687126683048,0.64548494983277593,2.0981294233416053e-41
 Boston,-0.3178687126683048,0.65217391304347827,1.2903655983948873e-42
 Boston,-0.3178687126683048,0.65886287625418061,7.5946858377109926e-44
 Boston,-0.3178687126683048,0.66555183946488294,4.2778206428377391e-45
 Boston,-0.3178687126683048,0.67224080267558528,2.3059521926148271e-46
 Boston,-0.3178687126683048,0.67892976588628762,1.18957629429045e-47
 Boston,-0.3178687126683048,0.68561872909698995,5.8728368434666514e-49
 Boston,-0.3178687126683048,0.69230769230769229,2.7747036762752191e-50
 Boston,-0.3178687126683048,0.69899665551839463,1.2545783072421204e-51
 Boston,-0.3178687126683048,0.70568561872909696,5.4286384789134895e-53
 Boston,-0.3178687126683048,0.7123745819397993,2.2479962350769084e-54
 Boston,-0.3178687126683048,0.71906354515050164,8.9086380608065694e-56
 Boston,-0.3178687126683048,0.72575250836120397,3.3786073531481574e-57
 Boston,-0.3178687126683048,0.73244147157190631,1.2262370381556363e-58
 Boston,-0.3178687126683048,0.73913043478260865,4.2591318864570635e-60
 Boston,-0.3178687126683048,0.74581939799331098,1.4157200327235461e-61
 Boston,-0.3178687126683048,0.75250836120401332,4.50342566361098e-63
 Boston,-0.3178687126683048,0.75919732441471566,1.3709375580489763e-64
 Boston,-0.3178687126683048,0.76588628762541799,3.9939364366268089e-66
 Boston,-0.3178687126683048,0.77257525083612033,1.1135075933437564e-67
 Boston,-0.3178687126683048,0.77926421404682267,2.9709377736829406e-69
 Boston,-0.3178687126683048,0.785953177257525,7.5858117526636951e-71
 Boston,-0.3178687126683048,0.79264214046822734,1.8536106191650638e-72
 Boston,-0.3178687126683048,0.79933110367892968,4.3345370677316081e-74
 Boston,-0.3178687126683048,0.80602006688963201,9.7000625286117193e-76
 Boston,-0.3178687126683048,0.81270903010033435,2.077369703319074e-77
 Boston,-0.3178687126683048,0.81939799331103669,4.2575558940115231e-79
 Boston,-0.3178687126683048,0.82608695652173902,8.3505310596787568e-81
 Boston,-0.3178687126683048,0.83277591973244136,1.5673821025675632e-82
 Boston,-0.3178687126683048,0.8394648829431437,2.8154162121762034e-84
 Boston,-0.3178687126683048,0.84615384615384603,4.8396857257637979e-86
 Boston,-0.3178687126683048,0.85284280936454837,7.9615650151468947e-88
 Boston,-0.3178687126683048,0.85953177257525071,1.2533904198411996e-89
 Boston,-0.3178687126683048,0.86622073578595304,1.8883428597226529e-91
 Boston,-0.3178687126683048,0.87290969899665538,2.7225872437932111e-93
 Boston,-0.3178687126683048,0.87959866220735772,3.7565498994356172e-95
 Boston,-0.3178687126683048,0.88628762541806028,4.9602418486116187e-97
 Boston,-0.3178687126683048,0.89297658862876261,6.2679108636590699e-99
 Boston,-0.3178687126683048,0.89966555183946495,7.5796470288750456e-101
 Boston,-0.3178687126683048,0.90635451505016729,8.7716502567175556e-103
 Boston,-0.3178687126683048,0.91304347826086962,9.7144839865819724e-105
 Boston,-0.3178687126683048,0.91973244147157196,1.0295897795908538e-106
 Boston,-0.3178687126683048,0.9264214046822743,1.0442746154336248e-108
 Boston,-0.3178687126683048,0.93311036789297663,1.0136107096020816e-110
 Boston,-0.3178687126683048,0.93979933110367897,9.4152876471446771e-113
 Boston,-0.3178687126683048,0.94648829431438131,8.369545833169241e-115
 Boston,-0.3178687126683048,0.95317725752508364,7.119935432256572e-117
 Boston,-0.3178687126683048,0.95986622073578598,5.7963693535383209e-119
 Boston,-0.3178687126683048,0.96655518394648832,4.5158743795596861e-121
 Boston,-0.3178687126683048,0.97324414715719065,3.3669249122419762e-123
 Boston,-0.3178687126683048,0.97993311036789299,2.4023194783623548e-125
 Boston,-0.3178687126683048,0.98662207357859533,1.6403398063150859e-127
 Boston,-0.3178687126683048,0.99331103678929766,1.0718711800392575e-129
 Boston,-0.3178687126683048,1,6.7028122127353435e-132
New York,-0.30287949540094294,-1,0.0024213651031244963
New York,-0.30287949540094294,-0.99331103678929766,0.00367971814858142
New York,-0.30287949540094294,-0.98662207357859533,0.0054719102149481686
New York,-0.30287949540094294,-0.97993311036789299,0.0079662828684700961
New York,-0.30287949540094294,-0.97324414715719065,0.011360036708198623
New York,-0.30287949540094294,-0.96655518394648832,0.01587515735114
New York,-0.30287949540094294,-0.95986622073578598,0.021750545620815707
New York,-0.30287949540094294,-0.95317725752508364,0.029230038110922826
New York,-0.30287949540094294,-0.94648829431438131,0.038546509939739994
New York,-0.30287949540094294,-0.93979933110367897,0.049902901861098241
New York,-0.30287949540094294,-0.93311036789297663,0.063451727390520074
New York,-0.30287949540094294,-0.9264214046822743,0.079275263208420169
New York,-0.30287949540094294,-0.91973244147157196,0.097369048155535071
New York,-0.30287949540094294,-0.91304347826086962,0.11763135629357992
New York,-0.30287949540094294,-0.90635451505016729,0.13986086065855285
New York,-0.30287949540094294,-0.89966555183946484,0.16376375449853936
New York,-0.30287949540094294,-0.8929765886287625,0.18897025854848995
New York,-0.30287949540094294,-0.88628762541806017,0.21505895104051836
New York,-0.30287949540094294,-0.87959866220735783,0.24158602674106786
New York,-0.30287949540094294,-0.87290969899665549,0.26811574132140076
New York,-0.30287949540094294,-0.86622073578595316,0.29424815903754498
New York,-0.30287949540094294,-0.85953177257525082,0.31964096023789773
New York,-0.30287949540094294,-0.85284280936454848,0.34402334389582306
New York,-0.30287949540094294,-0.84615384615384615,0.36720166497156392
New York,-0.30287949540094294,-0.83946488294314381,0.38905796869993098
New York,-0.30287949540094294,-0.83277591973244147,0.40954364090896062
New York,-0.30287949540094294,-0.82608695652173914,0.42867074425601165
New York,-0.30287949540094294,-0.8193979933110368,0.44650322962785571
New York,-0.30287949540094294,-0.81270903010033446,0.46314929412352884
New York,-0.30287949540094294,-0.80602006688963213,0.47875504696001381
New York,-0.30287949540094294,-0.79933110367892979,0.49349872095501945
New York,-0.30287949540094294,-0.79264214046822745,0.50758421858872638
New York,-0.30287949540094294,-0.78595317725752512,0.52123291898045887
New York,-0.30287949540094294,-0.77926421404682278,0.53467330466903906
New York,-0.30287949540094294,-0.77257525083612044,0.5481288452400388
New York,-0.30287949540094294,-0.76588628762541811,0.5618053802101215
New York,-0.30287949540094294,-0.75919732441471566,0.57587969363188829
New York,-0.30287949540094294,-0.75250836120401332,0.59049090757319267
New York,-0.30287949540094294,-0.74581939799331098,0.60573574919081363
New York,-0.30287949540094294,-0.73913043478260865,0.62166783887059407
New York,-0.30287949540094294,-0.73244147157190631,0.63830019016748052
New York,-0.30287949540094294,-0.72575250836120397,0.65560941940446238
New York,-0.30287949540094294,-0.71906354515050164,0.67353997697266454
New York,-0.30287949540094294,-0.7123745819397993,0.69200712175133472
New York,-0.30287949540094294,-0.70568561872909696,0.71089825394850725
New York,-0.30287949540094294,-0.69899665551839463,0.73007330863314734
New York,-0.30287949540094294,-0.69230769230769229,0.7493658035430022
New York,-0.30287949540094294,-0.68561872909698995,0.76858647278206671
New York,-0.30287949540094294,-0.67892976588628762,0.78753100842214119
New York,-0.30287949540094294,-0.67224080267558528,0.80599233046541485
New York,-0.30287949540094294,-0.66555183946488294,0.82377632146283675
New York,-0.30287949540094294,-0.65886287625418061,0.84071856970745074
New York,-0.30287949540094294,-0.65217391304347827,0.85669884838305388
New York,-0.30287949540094294,-0.64548494983277593,0.87165014167475319
New York,-0.30287949540094294,-0.6387959866220736,0.88556005492169543
New York,-0.30287949540094294,-0.63210702341137126,0.89846414605938973
New York,-0.30287949540094294,-0.62541806020066892,0.91043259051896719
New York,-0.30287949540094294,-0.61872909698996659,0.92155307472536829
New York,-0.30287949540094294,-0.61204013377926425,0.93191346219544968
New York,-0.30287949540094294,-0.60535117056856191,0.94158742517264837
New York,-0.30287949540094294,-0.59866220735785958,0.95062504995548036
New York,-0.30287949540094294,-0.59197324414715724,0.95904884095499932
New York,-0.30287949540094294,-0.5852842809364549,0.96685411202698124
New York,-0.30287949540094294,-0.57859531772575257,0.97401192128658409
New York,-0.30287949540094294,-0.57190635451505023,0.98047268740539895
New York,-0.30287949540094294,-0.56521739130434789,0.98616932079697361
New York,-0.30287949540094294,-0.55852842809364556,0.99101975664260211
New York,-0.30287949540094294,-0.55183946488294322,0.99492972620637088
New York,-0.30287949540094294,-0.54515050167224088,0.99779705907003657
New York,-0.30287949540094294,-0.53846153846153855,0.99951859608817128
New York,-0.30287949540094294,-0.53177257525083621,1
New York,-0.30287949540094294,-0.52508361204013376,0.99916768110528442
New York,-0.30287949540094294,-0.51839464882943143,0.99698110311108679
New York,-0.30287949540094294,-0.51170568561872909,0.99344323855986605
New York,-0.30287949540094294,-0.50501672240802675,0.98860707661354208
New York,-0.30287949540094294,-0.49832775919732442,0.98257680918686041
New York,-0.30287949540094294,-0.49163879598662208,0.97550341303885613
New York,-0.30287949540094294,-0.48494983277591974,0.9675754858002813
New York,-0.30287949540094294,-0.47826086956521741,0.95900706977166061
New York,-0.30287949540094294,-0.47157190635451507,0.95002459194103406
New York,-0.30287949540094294,-0.46488294314381273,0.94085489323737503
New York,-0.30287949540094294,-0.4581939799331104,0.93171569782485308
New York,-0.30287949540094294,-0.45150501672240806,0.92280898327446415
New York,-0.30287949540094294,-0.44481605351170572,0.91431680918026903
New York,-0.30287949540094294,-0.43812709030100339,0.90639848970726178
New York,-0.30287949540094294,-0.43143812709030105,0.8991877336155556
New York,-0.30287949540094294,-0.42474916387959871,0.89278859929469101
New York,-0.30287949540094294,-0.41806020066889638,0.88726977784392735
New York,-0.30287949540094294,-0.41137123745819404,0.88265766366377041
New York,-0.30287949540094294,-0.4046822742474917,0.87892964908158144
New York,-0.30287949540094294,-0.39799331103678925,0.87600979711594174
New York,-0.30287949540094294,-0.39130434782608692,0.8737692445725419
New York,-0.30287949540094294,-0.38461538461538458,0.87203321355282792
New York,-0.30287949540094294,-0.37792642140468224,0.87059538012682347
New York,-0.30287949540094294,-0.37123745819397991,0.86923877328259813
New York,-0.30287949540094294,-0.36454849498327757,0.86776072121769354
New York,-0.30287949540094294,-0.35785953177257523,0.86599805809913966
New York,-0.30287949540094294,-0.3511705685618729,0.86384822984117338
New York,-0.30287949540094294,-0.34448160535117056,0.86128229987960137
New York,-0.30287949540094294,-0.33779264214046822,0.85834712607008212
New York,-0.30287949540094294,-0.33110367892976589,0.85515589493294075
New York,-0.30287949540094294,-0.32441471571906355,0.85186833616492952
New York,-0.30287949540094294,-0.31772575250836121,0.8486638315093229
New York,-0.30287949540094294,-0.31103678929765888,0.84571188835276978
New York,-0.30287949540094294,-0.30434782608695654,0.84314484691275671
New York,-0.30287949540094294,-0.2976588628762542,0.84103720734502696
New York,-0.30287949540094294,-0.29096989966555187,0.83939475207847747
New York,-0.30287949540094294,-0.28428093645484953,0.83815496457851713
New York,-0.30287949540094294,-0.27759197324414719,0.83719841280931184
New York,-0.30287949540094294,-0.27090301003344486,0.8363690578257017
New York,-0.30287949540094294,-0.26421404682274252,0.83550009737824382
New York,-0.30287949540094294,-0.25752508361204018,0.8344411343947461
New York,-0.30287949540094294,-0.25083612040133785,0.83308228581329602
New York,-0.30287949540094294,-0.24414715719063551,0.8313713675603952
New York,-0.30287949540094294,-0.23745819397993317,0.82932146718402588
New York,-0.30287949540094294,-0.23076923076923084,0.82700789334810798
New York,-0.30287949540094294,-0.22408026755852839,0.82455539693091362
New York,-0.30287949540094294,-0.21739130434782605,0.82211832952010433
New York,-0.30287949540094294,-0.21070234113712372,0.81985766597677678
New York,-0.30287949540094294,-0.20401337792642138,0.8179192771588798
New York,-0.30287949540094294,-0.19732441471571904,0.81641737627242417
New York,-0.30287949540094294,-0.19063545150501671,0.81542576990169457
New York,-0.30287949540094294,-0.18394648829431437,0.81497771016593301
New York,-0.30287949540094294,-0.17725752508361203,0.81507318132872719
New York,-0.30287949540094294,-0.1705685618729097,0.81569080528676152
New York,-0.30287949540094294,-0.16387959866220736,0.81680059000611638
New York,-0.30287949540094294,-0.15719063545150502,0.81837370050688962
New York,-0.30287949540094294,-0.15050167224080269,0.82038633368675062
New York,-0.30287949540094294,-0.14381270903010035,0.82281644229800055
New York,-0.30287949540094294,-0.13712374581939801,0.82563410345534738
New York,-0.30287949540094294,-0.13043478260869568,0.82878826069550193
New York,-0.30287949540094294,-0.12374581939799334,0.83219386736542722
New York,-0.30287949540094294,-0.117056856187291,0.83572372579162069
New York,-0.30287949540094294,-0.11036789297658867,0.83920840437718036
New York,-0.30287949540094294,-0.10367892976588633,0.8424457019575804
New York,-0.30287949540094294,-0.096989966555183993,0.84521870210588157
New York,-0.30287949540094294,-0.090301003344481656,0.84731919346254825
New York,-0.30287949540094294,-0.08361204013377932,0.84857178784932974
New York,-0.30287949540094294,-0.076923076923076983,0.84885388087090796
New York,-0.30287949540094294,-0.070234113712374646,0.84810772129532397
New York,-0.30287949540094294,-0.063545150501672309,0.84634292071639594
New York,-0.30287949540094294,-0.056856187290969862,0.84363007689667691
New York,-0.30287949540094294,-0.050167224080267525,0.84008806416347992
New York,-0.30287949540094294,-0.043478260869565188,0.83586841685802893
New York,-0.30287949540094294,-0.036789297658862852,0.83113994137937375
New York,-0.30287949540094294,-0.030100334448160515,0.82607551819524183
New York,-0.30287949540094294,-0.023411371237458178,0.82084158207191216
New York,-0.30287949540094294,-0.016722408026755842,0.81558963290211972
New York,-0.30287949540094294,-0.010033444816053505,0.81044874888854423
New York,-0.30287949540094294,-0.0033444816053511683,0.80551848234810297
New York,-0.30287949540094294,0.0033444816053511683,0.80086237783977587
New York,-0.30287949540094294,0.010033444816053505,0.796503134318302
New York,-0.30287949540094294,0.016722408026755842,0.79242068213471362
New York,-0.30287949540094294,0.023411371237458178,0.78855399671346893
New York,-0.30287949540094294,0.030100334448160515,0.78480651724364214
New York,-0.30287949540094294,0.036789297658862852,0.78105402510543487
New York,-0.30287949540094294,0.043478260869565188,0.77715323276157833
New York,-0.30287949540094294,0.050167224080267525,0.77294940674541479
New York,-0.30287949540094294,0.056856187290969862,0.76828204381952325
New York,-0.30287949540094294,0.063545150501672198,0.76298860311588224
New York,-0.30287949540094294,0.070234113712374535,0.75690712784830394
New York,-0.30287949540094294,0.076923076923076872,0.7498789316240293
New York,-0.30287949540094294,0.083612040133779209,0.7417522911014105
New York,-0.30287949540094294,0.090301003344481545,0.73238746004934674
New York,-0.30287949540094294,0.096989966555183882,0.72166263679110598
New York,-0.30287949540094294,0.10367892976588622,0.70948009729001349
New York,-0.30287949540094294,0.11036789297658856,0.69577170509525443
New York,-0.30287949540094294,0.11705685618729089,0.68050336338936668
New York,-0.30287949540094294,0.12374581939799323,0.66367845436483219
New York,-0.30287949540094294,0.13043478260869557,0.64534064716434159
New York,-0.30287949540094294,0.1371237458193979,0.62557646713536352
New York,-0.30287949540094294,0.14381270903010024,0.60451769114679388
New York,-0.30287949540094294,0.15050167224080258,0.58234311109334502
New York,-0.30287949540094294,0.15719063545150491,0.55927872098617026
New York,-0.30287949540094294,0.16387959866220725,0.53559514651500162
New York,-0.30287949540094294,0.17056856187290959,0.511601265280755
New York,-0.30287949540094294,0.17725752508361192,0.48763344551242449
New York,-0.30287949540094294,0.18394648829431426,0.4640405361040314
New York,-0.30287949540094294,0.1906354515050166,0.44116549365724017
New York,-0.30287949540094294,0.19732441471571893,0.41932516469291192
New York,-0.30287949540094294,0.20401337792642149,0.39879013746943504
New York,-0.30287949540094294,0.21070234113712383,0.37976668865941932
New York,-0.30287949540094294,0.21739130434782616,0.36238268380246746
New York,-0.30287949540094294,0.2240802675585285,0.34667889417870268
New York,-0.30287949540094294,0.23076923076923084,0.33260663613637703
New York,-0.30287949540094294,0.23745819397993317,0.32003200355735895
New York,-0.30287949540094294,0.24414715719063551,0.30874633577315552
New York,-0.30287949540094294,0.25083612040133785,0.29848202075904906
New York,-0.30287949540094294,0.25752508361204018,0.28893233377373639
New York,-0.30287949540094294,0.26421404682274252,0.27977377587088076
New York,-0.30287949540094294,0.27090301003344486,0.27068928649616869
New York,-0.30287949540094294,0.27759197324414719,0.26139071416613646
New York,-0.30287949540094294,0.28428093645484953,0.25163899187963018
New York,-0.30287949540094294,0.29096989966555187,0.24126055803556476
New York,-0.30287949540094294,0.2976588628762542,0.23015870808619704
New York,-0.30287949540094294,0.30434782608695654,0.21831880836814044
New York,-0.30287949540094294,0.31103678929765888,0.20580670697437456
New York,-0.30287949540094294,0.31772575250836121,0.19276025969373148
New York,-0.30287949540094294,0.32441471571906355,0.17937461383270289
New York,-0.30287949540094294,0.33110367892976589,0.16588265603074001
New York,-0.30287949540094294,0.33779264214046822,0.15253268676433285
New York,-0.30287949540094294,0.34448160535117056,0.1395657886964683
New York,-0.30287949540094294,0.3511705685618729,0.12719540737841392
New York,-0.30287949540094294,0.35785953177257523,0.11559133495084932
New York,-0.30287949540094294,0.36454849498327757,0.10486963547414521
New York,-0.30287949540094294,0.37123745819397991,0.095089192961142349
New York,-0.30287949540094294,0.37792642140468224,0.086254650117822351
New York,-0.30287949540094294,0.38461538461538458,0.07832468470075786
New York,-0.30287949540094294,0.39130434782608692,0.071223960458431712
New York,-0.30287949540094294,0.39799331103678925,0.064856767655859529
New York,-0.30287949540094294,0.40468227424749159,0.059120363762696471
New York,-0.30287949540094294,0.41137123745819393,0.053916320048432102
New York,-0.30287949540094294,0.41806020066889626,0.049158711064543774
New York,-0.30287949540094294,0.4247491638795986,0.044778648376115622
New York,-0.30287949540094294,0.43143812709030094,0.040725329351401725
New York,-0.30287949540094294,0.43812709030100327,0.036964317316486681
New York,-0.30287949540094294,0.44481605351170561,0.033474091336437389
New York,-0.30287949540094294,0.45150501672240795,0.030241959055914178
New York,-0.30287949540094294,0.45819397993311028,0.027260239987534712
New York,-0.30287949540094294,0.46488294314381262,0.024523284868154645
New York,-0.30287949540094294,0.47157190635451496,0.022025516089057864
New York,-0.30287949540094294,0.47826086956521729,0.019760364919072508
New York,-0.30287949540094294,0.48494983277591963,0.017719813325617707
New York,-0.30287949540094294,0.49163879598662197,0.015894234776690202
New York,-0.30287949540094294,0.4983277591973243,0.014272330165399805
New York,-0.30287949540094294,0.50501672240802664,0.01284110201576793
New York,-0.30287949540094294,0.51170568561872898,0.011585930974730277
New York,-0.30287949540094294,0.51839464882943131,0.010490865413431971
New York,-0.30287949540094294,0.52508361204013365,0.0095391964806929835
New York,-0.30287949540094294,0.53177257525083599,0.0087142910336635172
New York,-0.30287949540094294,0.53846153846153832,0.0080005395038987241
New York,-0.30287949540094294,0.54515050167224088,0.0073841945775612022
New York,-0.30287949540094294,0.55183946488294322,0.0068538654405070048
New York,-0.30287949540094294,0.55852842809364556,0.0064005019812223909
New York,-0.30287949540094294,0.56521739130434789,0.0060168365174016799
New York,-0.30287949540094294,0.57190635451505023,0.0056964079049928486
New York,-0.30287949540094294,0.57859531772575257,0.0054324250994546592
New York,-0.30287949540094294,0.5852842809364549,0.0052167908295649903
New York,-0.30287949540094294,0.59197324414715724,0.0050395772906252695
New York,-0.30287949540094294,0.59866220735785958,0.0048891292531506002
New York,-0.30287949540094294,0.60535117056856191,0.0047527983636408925
New York,-0.30287949540094294,0.61204013377926425,0.0046181368191049038
New York,-0.30287949540094294,0.61872909698996659,0.0044742523492348049
New York,-0.30287949540094294,0.62541806020066892,0.0043129873789286687
New York,-0.30287949540094294,0.63210702341137126,0.0041296430110562589
New York,-0.30287949540094294,0.6387959866220736,0.0039231016059216688
New York,-0.30287949540094294,0.64548494983277593,0.0036953658202319821
New York,-0.30287949540094294,0.65217391304347827,0.0034506756997796403
New York,-0.30287949540094294,0.65886287625418061,0.0031944483511192781
New York,-0.30287949540094294,0.66555183946488294,0.0029322898935967459
New York,-0.30287949540094294,0.67224080267558528,0.0026692664525381714
New York,-0.30287949540094294,0.67892976588628762,0.002409519411941671
New York,-0.30287949540094294,0.68561872909698995,0.0021562065214957983
New York,-0.30287949540094294,0.69230769230769229,0.001911674948614417
New York,-0.30287949540094294,0.69899665551839463,0.0016777401612588501
New York,-0.30287949540094294,0.70568561872909696,0.0014559541171622404
New York,-0.30287949540094294,0.7123745819397993,0.0012477839633621797
New York,-0.30287949540094294,0.71906354515050164,0.001054670109906314
New York,-0.30287949540094294,0.72575250836120397,0.0008779744349784646
New York,-0.30287949540094294,0.73244147157190631,0.00071885637791637748
New York,-0.30287949540094294,0.73913043478260865,0.00057812473330171651
New York,-0.30287949540094294,0.74581939799331098,0.00045610909638709991
New York,-0.30287949540094294,0.75250836120401332,0.00035258238407710768
New York,-0.30287949540094294,0.75919732441471566,0.00026674986970590998
New York,-0.30287949540094294,0.76588628762541799,0.00019730471195710038
New York,-0.30287949540094294,0.77257525083612033,0.00014253759420094716
New York,-0.30287949540094294,0.77926421404682267,0.00010048020302715114
New York,-0.30287949540094294,0.785953177257525,6.9059320843114464e-05
New York,-0.30287949540094294,0.79264214046822734,4.6239947248461543e-05
New York,-0.30287949540094294,0.79933110367892968,3.0141048607982902e-05
New York,-0.30287949540094294,0.80602006688963201,1.9114697683816414e-05
New York,-0.30287949540094294,0.81270903010033435,1.178676307245466e-05
New York,-0.30287949540094294,0.81939799331103669,7.0634363883776516e-06
New York,-0.30287949540094294,0.82608695652173902,4.1118067426494814e-06
New York,-0.30287949540094294,0.83277591973244136,2.3241697290614356e-06
New York,-0.30287949540094294,0.8394648829431437,1.2751617468556985e-06
New York,-0.30287949540094294,0.84615384615384603,6.7887101003815529e-07
New York,-0.30287949540094294,0.85284280936454837,3.5060053785325622e-07
New York,-0.30287949540094294,0.85953177257525071,1.7560410633185743e-07
New York,-0.30287949540094294,0.86622073578595304,8.5282503723806495e-08
New York,-0.30287949540094294,0.87290969899665538,4.0151910689591458e-08
New York,-0.30287949540094294,0.87959866220735772,1.8323199204204614e-08
New York,-0.30287949540094294,0.88628762541806028,8.1036701131450944e-09
New York,-0.30287949540094294,0.89297658862876261,3.4728957517742285e-09
New York,-0.30287949540094294,0.89966555183946495,1.4420559577960357e-09
New York,-0.30287949540094294,0.90635451505016729,5.8010882649961167e-10
New York,-0.30287949540094294,0.91304347826086962,2.2606612801197803e-10
New York,-0.30287949540094294,0.91973244147157196,8.5334814159938465e-11
New York,-0.30287949540094294,0.9264214046822743,3.1199787035396131e-11
New York,-0.30287949540094294,0.93311036789297663,1.104803132300687e-11
New York,-0.30287949540094294,0.93979933110367897,3.7888048106812052e-12
New York,-0.30287949540094294,0.94648829431438131,1.2582947528645957e-12
New York,-0.30287949540094294,0.95317725752508364,4.0467498591196017e-13
New York,-0.30287949540094294,0.95986622073578598,1.2602512606141435e-13
New York,-0.30287949540094294,0.96655518394648832,3.8003137834779639e-14
New York,-0.30287949540094294,0.97324414715719065,1.1096335567539505e-14
New York,-0.30287949540094294,0.97993311036789299,3.1370768195479274e-15
New York,-0.30287949540094294,0.98662207357859533,8.5870703587362958e-16
New York,-0.30287949540094294,0.99331103678929766,2.2757738931910789e-16
New York,-0.30287949540094294,1,5.8394011184093374e-17
Miami,-0.3002234034374312,-1,6.7376122731649757e-09
Miami,-0.3002234034374312,-0.99331103678929766,2.5419689744833091e-08
Miami,-0.3002234034374312,-0.98662207357859533,8.8630903043697967e-08
Miami,-0.3002234034374312,-0.97993311036789299,2.8570007472463317e-07
Miami,-0.3002234034374312,-0.97324414715719065,8.5183031981722164e-07
Miami,-0.3002234034374312,-0.96655518394648832,2.3506208074898525e-06
Miami,-0.3002234034374312,-0.95986622073578598,6.0082478986857073e-06
Miami,-0.3002234034374312,-0.95317725752508364,1.4239688530027437e-05
Miami,-0.3002234034374312,-0.94648829431438131,3.1334508541441205e-05
Miami,-0.3002234034374312,-0.93979933110367897,6.4130213711267891e-05
Miami,-0.3002234034374312,-0.93311036789297663,0.0001223415794074274
Miami,-0.3002234034374312,-0.9264214046822743,0.0002181553297301443
Miami,-0.3002234034374312,-0.91973244147157196,0.00036488429982659763
Miami,-0.3002234034374312,-0.91304347826086962,0.00057494392442875334
Miami,-0.3002234034374312,-0.90635451505016729,0.00085799022367270871
Miami,-0.3002234034374312,-0.89966555183946484,0.0012203850260830297
Miami,-0.3002234034374312,-0.8929765886287625,0.001666913056690978
Miami,-0.3002234034374312,-0.88628762541806017,0.0022048336301894829
Miami,-0.3002234034374312,-0.87959866220735783,0.0028492070376259703
Miami,-0.3002234034374312,-0.87290969899665549,0.0036274566951517103
Miami,-0.3002234034374312,-0.86622073578595316,0.0045807641566162887
Miami,-0.3002234034374312,-0.85953177257525082,0.0057605113241756614
Miami,-0.3002234034374312,-0.85284280936454848,0.007219711346866318
Miami,-0.3002234034374312,-0.84615384615384615,0.0090017412211424105
Miami,-0.3002234034374312,-0.83946488294314381,0.011130492324014654
Miami,-0.3002234034374312,-0.83277591973244147,0.013605980763965908
Miami,-0.3002234034374312,-0.82608695652173914,0.016407309008355672
Miami,-0.3002234034374312,-0.8193979933110368,0.019502007416023634
Miami,-0.3002234034374312,-0.81270903010033446,0.022858920847313863
Miami,-0.3002234034374312,-0.80602006688963213,0.026461198180403076
Miami,-0.3002234034374312,-0.79933110367892979,0.030315300698934251
Miami,-0.3002234034374312,-0.79264214046822745,0.034450679092524701
Miami,-0.3002234034374312,-0.78595317725752512,0.038905006759049329
Miami,-0.3002234034374312,-0.77926421404682278,0.043694962249543542
Miami,-0.3002234034374312,-0.77257525083612044,0.048782514581202481
Miami,-0.3002234034374312,-0.76588628762541811,0.054055248470323419
Miami,-0.3002234034374312,-0.75919732441471566,0.059337556210502115
Miami,-0.3002234034374312,-0.75250836120401332,0.064434325104101478
Miami,-0.3002234034374312,-0.74581939799331098,0.069188137434842881
Miami,-0.3002234034374312,-0.73913043478260865,0.073520190375572794
Miami,-0.3002234034374312,-0.73244147157190631,0.07743439704747862
Miami,-0.3002234034374312,-0.72575250836120397,0.080988729503101486
Miami,-0.3002234034374312,-0.71906354515050164,0.084259881256307623
Miami,-0.3002234034374312,-0.7123745819397993,0.087329232503037077
Miami,-0.3002234034374312,-0.70568561872909696,0.090297522501097627
Miami,-0.3002234034374312,-0.69899665551839463,0.093308473865310271
Miami,-0.3002234034374312,-0.69230769230769229,0.096549911518331491
Miami,-0.3002234034374312,-0.68561872909698995,0.10021495108761996
Miami,-0.3002234034374312,-0.67892976588628762,0.10443551727228051
Miami,-0.3002234034374312,-0.67224080267558528,0.10922345821002222
Miami,-0.3002234034374312,-0.66555183946488294,0.1144540000930036
Miami,-0.3002234034374312,-0.65886287625418061,0.11990326184045429
Miami,-0.3002234034374312,-0.65217391304347827,0.12532259030812948
Miami,-0.3002234034374312,-0.64548494983277593,0.13051623211624144
Miami,-0.3002234034374312,-0.6387959866220736,0.13539305243325991
Miami,-0.3002234034374312,-0.63210702341137126,0.13998102163242873
Miami,-0.3002234034374312,-0.62541806020066892,0.14441097844075598
Miami,-0.3002234034374312,-0.61872909698996659,0.14888335086966178
Miami,-0.3002234034374312,-0.61204013377926425,0.15362829857928159
Miami,-0.3002234034374312,-0.60535117056856191,0.15886474501267478
Miami,-0.3002234034374312,-0.59866220735785958,0.16476443129958854
Miami,-0.3002234034374312,-0.59197324414715724,0.17143145646608932
Miami,-0.3002234034374312,-0.5852842809364549,0.17890615627349243
Miami,-0.3002234034374312,-0.57859531772575257,0.18718883459029187
Miami,-0.3002234034374312,-0.57190635451505023,0.19626156710016726
Miami,-0.3002234034374312,-0.56521739130434789,0.20608236634339774
Miami,-0.3002234034374312,-0.55852842809364556,0.21654564632021683
Miami,-0.3002234034374312,-0.55183946488294322,0.22743565098536273
Miami,-0.3002234034374312,-0.54515050167224088,0.23841899964962771
Miami,-0.3002234034374312,-0.53846153846153855,0.24910842142923589
Miami,-0.3002234034374312,-0.53177257525083621,0.25918717851514311
Miami,-0.3002234034374312,-0.52508361204013376,0.26854145731900531
Miami,-0.3002234034374312,-0.51839464882943143,0.27733647993216837
Miami,-0.3002234034374312,-0.51170568561872909,0.28599958013396276
Miami,-0.3002234034374312,-0.50501672240802675,0.29512120817076692
Miami,-0.3002234034374312,-0.49832775919732442,0.30532253201484488
Miami,-0.3002234034374312,-0.49163879598662208,0.3171458699029302
Miami,-0.3002234034374312,-0.48494983277591974,0.33100241312018519
Miami,-0.3002234034374312,-0.47826086956521741,0.34717740709263634
Miami,-0.3002234034374312,-0.47157190635451507,0.36586587873133036
Miami,-0.3002234034374312,-0.46488294314381273,0.38720379017675727
Miami,-0.3002234034374312,-0.4581939799331104,0.41127033144935238
Miami,-0.3002234034374312,-0.45150501672240806,0.43805866069455074
Miami,-0.3002234034374312,-0.44481605351170572,0.46743339659291405
Miami,-0.3002234034374312,-0.43812709030100339,0.49910348522770109
Miami,-0.3002234034374312,-0.43143812709030105,0.5326330220779909
Miami,-0.3002234034374312,-0.42474916387959871,0.56749197594410705
Miami,-0.3002234034374312,-0.41806020066889638,0.60312447068451391
Miami,-0.3002234034374312,-0.41137123745819404,0.63900047663310444
Miami,-0.3002234034374312,-0.4046822742474917,0.67462790615684343
Miami,-0.3002234034374312,-0.39799331103678925,0.70953071697330228
Miami,-0.3002234034374312,-0.39130434782608692,0.74322479516395257
Miami,-0.3002234034374312,-0.38461538461538458,0.7752275559541697
Miami,-0.3002234034374312,-0.37792642140468224,0.80511565544038466
Miami,-0.3002234034374312,-0.37123745819397991,0.83261221941343944
Miami,-0.3002234034374312,-0.36454849498327757,0.85766095798155617
Miami,-0.3002234034374312,-0.35785953177257523,0.88044231456390887
Miami,-0.3002234034374312,-0.3511705685618729,0.90130681555329983
Miami,-0.3002234034374312,-0.34448160535117056,0.92063426091986567
Miami,-0.3002234034374312,-0.33779264214046822,0.93866125857414329
Miami,-0.3002234034374312,-0.33110367892976589,0.95534012681620839
Miami,-0.3002234034374312,-0.32441471571906355,0.97028898335918645
Miami,-0.3002234034374312,-0.31772575250836121,0.98286384508533753
Miami,-0.3002234034374312,-0.31103678929765888,0.99233799372028841
Miami,-0.3002234034374312,-0.30434782608695654,0.99813001813566937
Miami,-0.3002234034374312,-0.2976588628762542,1
Miami,-0.3002234034374312,-0.29096989966555187,0.99814566208884026
Miami,-0.3002234034374312,-0.28428093645484953,0.99317312123402346
Miami,-0.3002234034374312,-0.27759197324414719,0.9859684081747182
Miami,-0.3002234034374312,-0.27090301003344486,0.97752691794219526
Miami,-0.3002234034374312,-0.26421404682274252,0.96879207045220794
Miami,-0.3002234034374312,-0.25752508361204018,0.96052295239847774
Miami,-0.3002234034374312,-0.25083612040133785,0.9531846740930956
Miami,-0.3002234034374312,-0.24414715719063551,0.94685752016503799
Miami,-0.3002234034374312,-0.23745819397993317,0.94118434918080562
Miami,-0.3002234034374312,-0.23076923076923084,0.93539059125152202
Miami,-0.3002234034374312,-0.22408026755852839,0.92839688607723447
Miami,-0.3002234034374312,-0.21739130434782605,0.9190092978000417
Miami,-0.3002234034374312,-0.21070234113712372,0.90614219970453269
Miami,-0.3002234034374312,-0.20401337792642138,0.88902071896619583
Miami,-0.3002234034374312,-0.19732441471571904,0.86731859801457167
Miami,-0.3002234034374312,-0.19063545150501671,0.841201937151554
Miami,-0.3002234034374312,-0.18394648829431437,0.81126753787179917
Miami,-0.3002234034374312,-0.17725752508361203,0.77839152332361128
Miami,-0.3002234034374312,-0.1705685618729097,0.74353594066190254
Miami,-0.3002234034374312,-0.16387959866220736,0.70758019069292277
Miami,-0.3002234034374312,-0.15719063545150502,0.67123243293113855
Miami,-0.3002234034374312,-0.15050167224080269,0.63503470590222699
Miami,-0.3002234034374312,-0.14381270903010035,0.59942736738127833
Miami,-0.3002234034374312,-0.13712374581939801,0.56481202908121642
Miami,-0.3002234034374312,-0.13043478260869568,0.53156168785906666
Miami,-0.3002234034374312,-0.12374581939799334,0.49996516089598625
Miami,-0.3002234034374312,-0.117056856187291,0.4701383983884011
Miami,-0.3002234034374312,-0.11036789297658867,0.44196309803706219
Miami,-0.3002234034374312,-0.10367892976588633,0.41510678270466234
Miami,-0.3002234034374312,-0.096989966555183993,0.38913849814340329
Miami,-0.3002234034374312,-0.090301003344481656,0.36370071034154022
Miami,-0.3002234034374312,-0.08361204013377932,0.33866207721276614
Miami,-0.3002234034374312,-0.076923076923076983,0.31418058390761233
Miami,-0.3002234034374312,-0.070234113712374646,0.29065017319313657
Miami,-0.3002234034374312,-0.063545150501672309,0.26856011753303982
Miami,-0.3002234034374312,-0.056856187290969862,0.24833260986761585
Miami,-0.3002234034374312,-0.050167224080267525,0.23020354056022649
Miami,-0.3002234034374312,-0.043478260869565188,0.21418098725007637
Miami,-0.3002234034374312,-0.036789297658862852,0.20007725978986918
Miami,-0.3002234034374312,-0.030100334448160515,0.18758395476705858
Miami,-0.3002234034374312,-0.023411371237458178,0.17635385294233585
Miami,-0.3002234034374312,-0.016722408026755842,0.16606436300178123
Miami,-0.3002234034374312,-0.010033444816053505,0.15645387627502708
Miami,-0.3002234034374312,-0.0033444816053511683,0.14733495824859874
Miami,-0.3002234034374312,0.0033444816053511683,0.13859223342567373
Miami,-0.3002234034374312,0.010033444816053505,0.13017012881046358
Miami,-0.3002234034374312,0.016722408026755842,0.12205255473536097
Miami,-0.3002234034374312,0.023411371237458178,0.11423819455226593
Miami,-0.3002234034374312,0.030100334448160515,0.10672019519839687
Miami,-0.3002234034374312,0.036789297658862852,0.099480783987190985
Miami,-0.3002234034374312,0.043478260869565188,0.092504129510330727
Miami,-0.3002234034374312,0.050167224080267525,0.085797666589388574
Miami,-0.3002234034374312,0.056856187290969862,0.079403761589085506
Miami,-0.3002234034374312,0.063545150501672198,0.07338866306323906
Miami,-0.3002234034374312,0.070234113712374535,0.067811930171585863
Miami,-0.3002234034374312,0.076923076923076872,0.062694755565567931
Miami,-0.3002234034374312,0.083612040133779209,0.058007747501375294
Miami,-0.3002234034374312,0.090301003344481545,0.053685906486637167
Miami,-0.3002234034374312,0.096989966555183882,0.049660351778683567
Miami,-0.3002234034374312,0.10367892976588622,0.045886189766551413
Miami,-0.3002234034374312,0.11036789297658856,0.042350570526254197
Miami,-0.3002234034374312,0.11705685618729089,0.039059853423616953
Miami,-0.3002234034374312,0.12374581939799323,0.036018106165777761
Miami,-0.3002234034374312,0.13043478260869557,0.033211646658793149
Miami,-0.3002234034374312,0.1371237458193979,0.030606382800350981
Miami,-0.3002234034374312,0.14381270903010024,0.028154719283921787
Miami,-0.3002234034374312,0.15050167224080258,0.025804901229196518
Miami,-0.3002234034374312,0.15719063545150491,0.023508845851447975
Miami,-0.3002234034374312,0.16387959866220725,0.021229364959741946
Miami,-0.3002234034374312,0.17056856187290959,0.018948732953521726
Miami,-0.3002234034374312,0.17725752508361192,0.016677305545355299
Miami,-0.3002234034374312,0.18394648829431426,0.014457251010859241
Miami,-0.3002234034374312,0.1906354515050166,0.012356430659451979
Miami,-0.3002234034374312,0.19732441471571893,0.010451725552196187
Miami,-0.3002234034374312,0.20401337792642149,0.0088068790099082271
Miami,-0.3002234034374312,0.21070234113712383,0.0074534098857641177
Miami,-0.3002234034374312,0.21739130434782616,0.0063821841381553161
Miami,-0.3002234034374312,0.2240802675585285,0.0055484754481904975
Miami,-0.3002234034374312,0.23076923076923084,0.0048875640631080323
Miami,-0.3002234034374312,0.23745819397993317,0.0043340694530070211
Miami,-0.3002234034374312,0.24414715719063551,0.0038377495567883451
Miami,-0.3002234034374312,0.25083612040133785,0.0033710045903216921
Miami,-0.3002234034374312,0.25752508361204018,0.0029272358797634082
Miami,-0.3002234034374312,0.26421404682274252,0.0025127907373117138
Miami,-0.3002234034374312,0.27090301003344486,0.0021371385685128668
Miami,-0.3002234034374312,0.27759197324414719,0.0018055880755247647
Miami,-0.3002234034374312,0.28428093645484953,0.0015167066888252929
Miami,-0.3002234034374312,0.29096989966555187,0.0012639624794551496
Miami,-0.3002234034374312,0.2976588628762542,0.0010394023983126739
Miami,-0.3002234034374312,0.30434782608695654,0.00083702004068853442
Miami,-0.3002234034374312,0.31103678929765888,0.00065441616117208545
Miami,-0.3002234034374312,0.31772575250836121,0.00049253504984820738
Miami,-0.3002234034374312,0.32441471571906355,0.00035407052342772207
Miami,-0.3002234034374312,0.33110367892976589,0.00024145682870624531
Miami,-0.3002234034374312,0.33779264214046822,0.00015529764692146379
Miami,-0.3002234034374312,0.34448160535117056,9.3751581014673918e-05
Miami,-0.3002234034374312,0.3511705685618729,5.2916204552209026e-05
Miami,-0.3002234034374312,0.35785953177257523,2.78387119304176e-05
Miami,-0.3002234034374312,0.36454849498327757,1.3617794211910337e-05
Miami,-0.3002234034374312,0.37123745819397991,6.1822860273017075e-06
Miami,-0.3002234034374312,0.37792642140468224,2.6010976300718483e-06
Miami,-0.3002234034374312,0.38461538461538458,1.0131216883120831e-06
Miami,-0.3002234034374312,0.39130434782608692,3.6501717927322277e-07
Miami,-0.3002234034374312,0.39799331103678925,1.215767191419728e-07
Miami,-0.3002234034374312,0.40468227424749159,3.7417873758596971e-08
Miami,-0.3002234034374312,0.41137123745819393,1.0637903441550162e-08
Miami,-0.3002234034374312,0.41806020066889626,2.793029646117455e-09
Miami,-0.3002234034374312,0.4247491638795986,6.7711091781192366e-10
Miami,-0.3002234034374312,0.43143812709030094,1.5154851163889428e-10
Miami,-0.3002234034374312,0.43812709030100327,3.1311879238470457e-11
Miami,-0.3002234034374312,0.44481605351170561,5.9717466989927299e-12
Miami,-0.3002234034374312,0.45150501672240795,1.0512495207786426e-12
Miami,-0.3002234034374312,0.45819397993311028,1.7080707715280445e-13
Miami,-0.3002234034374312,0.46488294314381262,2.5614706355147088e-14
Miami,-0.3002234034374312,0.47157190635451496,3.545254914382576e-15
Miami,-0.3002234034374312,0.47826086956521729,4.5287004231531503e-16
Miami,-0.3002234034374312,0.48494983277591963,5.3390375121527231e-17
Miami,-0.3002234034374312,0.49163879598662197,5.8091434219401324e-18
Miami,-0.3002234034374312,0.4983277591973243,5.8333549247251891e-19
Miami,-0.3002234034374312,0.50501672240802664,5.4060492084743206e-20
Miami,-0.3002234034374312,0.51170568561872898,4.6237622574635938e-21
Miami,-0.3002234034374312,0.51839464882943131,3.6497565004854858e-22
Miami,-0.3002234034374312,0.52508361204013365,2.6587924456150871e-23
Miami,-0.3002234034374312,0.53177257525083599,1.7875433641320674e-24
Miami,-0.3002234034374312,0.53846153846153832,1.1091235850477548e-25
Miami,-0.3002234034374312,0.54515050167224088,6.3511768399389072e-27
Miami,-0.3002234034374312,0.55183946488294322,3.3564421387835066e-28
Miami,-0.3002234034374312,0.55852842809364556,1.6370225466301944e-29
Miami,-0.3002234034374312,0.56521739130434789,7.36852527251834e-31
Miami,-0.3002234034374312,0.57190635451505023,3.0609541812741743e-32
Miami,-0.3002234034374312,0.57859531772575257,1.1735006985823877e-33
Miami,-0.3002234034374312,0.5852842809364549,4.15202636322729e-35
Miami,-0.3002234034374312,0.59197324414715724,1.3557731997687018e-36
Miami,-0.3002234034374312,0.59866220735785958,4.0856781749552785e-38
Miami,-0.3002234034374312,0.60535117056856191,1.1362958326567109e-39
Miami,-0.3002234034374312,0.61204013377926425,2.9165458555995456e-41
Miami,-0.3002234034374312,0.61872909698996659,6.9086999315905732e-43
Miami,-0.3002234034374312,0.62541806020066892,1.5103373767286377e-44
Miami,-0.3002234034374312,0.63210702341137126,3.0472053594822269e-46
Miami,-0.3002234034374312,0.6387959866220736,5.6738726832905816e-48
Miami,-0.3002234034374312,0.64548494983277593,9.750066008342653e-50
Miami,-0.3002234034374312,0.65217391304347827,1.5462710678964323e-51
Miami,-0.3002234034374312,0.65886287625418061,2.2631524349353191e-53
Miami,-0.3002234034374312,0.66555183946488294,3.0569763979904305e-55
Miami,-0.3002234034374312,0.67224080267558528,3.8108378091659497e-57
Miami,-0.3002234034374312,0.67892976588628762,4.3842866941389216e-59
Miami,-0.3002234034374312,0.68561872909698995,4.6550840351725767e-61
Miami,-0.3002234034374312,0.69230769230769229,4.5614845151172005e-63
Miami,-0.3002234034374312,0.69899665551839463,4.1251047735505334e-65
Miami,-0.3002234034374312,0.70568561872909696,3.4428163879014229e-67
Miami,-0.3002234034374312,0.7123745819397993,2.6518126524490576e-69
Miami,-0.3002234034374312,0.71906354515050164,1.8850458331144556e-71
Miami,-0.3002234034374312,0.72575250836120397,1.2366622067707686e-73
Miami,-0.3002234034374312,0.73244147157190631,7.4873883944178695e-76
Miami,-0.3002234034374312,0.73913043478260865,4.1836922821450722e-78
Miami,-0.3002234034374312,0.74581939799331098,2.1574423749308077e-80
Miami,-0.3002234034374312,0.75250836120401332,1.0267596042241464e-82
Miami,-0.3002234034374312,0.75919732441471566,4.5097082003380456e-85
Miami,-0.3002234034374312,0.76588628762541799,1.8280084900438161e-87
Miami,-0.3002234034374312,0.77257525083612033,6.8384562634625961e-90
Miami,-0.3002234034374312,0.77926421404682267,2.3609567832037002e-92
Miami,-0.3002234034374312,0.785953177257525,7.5226022565447348e-95
Miami,-0.3002234034374312,0.79264214046822734,2.2120669187141556e-97
Miami,-0.3002234034374312,0.79933110367892968,6.0031406759121217e-100
Miami,-0.3002234034374312,0.80602006688963201,1.5035188552852279e-102
Miami,-0.3002234034374312,0.81270903010033435,3.4752762764395172e-105
Miami,-0.3002234034374312,0.81939799331103669,7.4134419488705862e-108
Miami,-0.3002234034374312,0.82608695652173902,1.4594880559890108e-110
Miami,-0.3002234034374312,0.83277591973244136,2.6517421864724067e-113
Miami,-0.3002234034374312,0.8394648829431437,4.4464370590076242e-116
Miami,-0.3002234034374312,0.84615384615384603,6.8808659775626977e-119
Miami,-0.3002234034374312,0.85284280936454837,9.8270722119080196e-122
Miami,-0.3002234034374312,0.85953177257525071,1.2952550505972e-124
Miami,-0.3002234034374312,0.86622073578595304,1.5755657811785962e-127
Miami,-0.3002234034374312,0.87290969899665538,1.7687558296915616e-130
Miami,-0.3002234034374312,0.87959866220735772,1.8325225481853801e-133
Miami,-0.3002234034374312,0.88628762541806028,1.7521886730386563e-136
Miami,-0.3002234034374312,0.89297658862876261,1.5461887482503309e-139
Miami,-0.3002234034374312,0.89966555183946495,1.2591986435116196e-142
Miami,-0.3002234034374312,0.90635451505016729,9.4640294789633316e-146
Miami,-0.3002234034374312,0.91304347826086962,6.56459624795865e-149
Miami,-0.3002234034374312,0.91973244147157196,4.2023290418105204e-152
Miami,-0.3002234034374312,0.9264214046822743,2.4826882430491763e-155
Miami,-0.3002234034374312,0.93311036789297663,1.3536438647506559e-158
Miami,-0.3002234034374312,0.93979933110367897,6.8114057152014857e-162
Miami,-0.3002234034374312,0.94648829431438131,3.1631455650343922e-165
Miami,-0.3002234034374312,0.95317725752508364,1.3556628831005995e-168
Miami,-0.3002234034374312,0.95986622073578598,5.3620928701727494e-172
Miami,-0.3002234034374312,0.96655518394648832,1.9573435369853933e-175
Miami,-0.3002234034374312,0.97324414715719065,6.5940142199200866e-179
Miami,-0.3002234034374312,0.97993311036789299,2.0501366104146318e-182
Miami,-0.3002234034374312,0.98662207357859533,5.8825526314540381e-186
Miami,-0.3002234034374312,0.99331103678929766,1.5577542345151707e-189
Miami,-0.3002234034374312,1,3.8069936994639265e-193
Philadelphia,-0.28568705829570568,-1,0.00098877327129595627
Philadelphia,-0.28568705829570568,-0.99331103678929766,0.0014439903794021007
Philadelphia,-0.28568705829570568,-0.98662207357859533,0.0020792687970153704
Philadelphia,-0.28568705829570568,-0.97993311036789299,0.0029502371977759307
Philadelphia,-0.28568705829570568,-0.97324414715719065,0.0041210196306982619
Philadelphia,-0.28568705829570568,-0.96655518394648832,0.0056613379706203747
Philadelphia,-0.28568705829570568,-0.95986622073578598,0.0076419278059232628
Philadelphia,-0.28568705829570568,-0.95317725752508364,0.0101286500874108
Philadelphia,-0.28568705829570568,-0.94648829431438131,0.013176077613347992
Philadelphia,-0.28568705829570568,-0.93979933110367897,0.016821599778140149
Philadelphia,-0.28568705829570568,-0.93311036789297663,0.021081117358822545
Philadelphia,-0.28568705829570568,-0.9264214046822743,0.025947159507229988
Philadelphia,-0.28568705829570568,-0.91973244147157196,0.031389805527675375
Philadelphia,-0.28568705829570568,-0.91304347826086962,0.037360260522572242
Philadelphia,-0.28568705829570568,-0.90635451505016729,0.043796458256849129
Philadelphia,-0.28568705829570568,-0.89966555183946484,0.050629748367944732
Philadelphia,-0.28568705829570568,-0.8929765886287625,0.057791601276665064
Philadelphia,-0.28568705829570568,-0.88628762541806017,0.065219307538506993
Philadelphia,-0.28568705829570568,-0.87959866220735783,0.072859812757273157
Philadelphia,-0.28568705829570568,-0.87290969899665549,0.080671083028055868
Philadelphia,-0.28568705829570568,-0.86622073578595316,0.088620731747635184
Philadelphia,-0.28568705829570568,-0.85953177257525082,0.096682054011367091
Philadelphia,-0.28568705829570568,-0.85284280936454848,0.10482808318105659
Philadelphia,-0.28568705829570568,-0.84615384615384615,0.11302474040523758
Philadelphia,-0.28568705829570568,-0.83946488294314381,0.12122449811588099
Philadelphia,-0.28568705829570568,-0.83277591973244147,0.12936212584463774
Philadelphia,-0.28568705829570568,-0.82608695652173914,0.13735395484702417
Philadelphia,-0.28568705829570568,-0.8193979933110368,0.14510164619623167
Philadelphia,-0.28568705829570568,-0.81270903010033446,0.15250068293171481
Philadelphia,-0.28568705829570568,-0.80602006688963213,0.15945280850337692
Philadelphia,-0.28568705829570568,-0.79933110367892979,0.16588057391530109
Philadelphia,-0.28568705829570568,-0.79264214046822745,0.17174130185928541
Philadelphia,-0.28568705829570568,-0.78595317725752512,0.17703743313544332
Philadelphia,-0.28568705829570568,-0.77926421404682278,0.18182061744860975
Philadelphia,-0.28568705829570568,-0.77257525083612044,0.18618806954586525
Philadelphia,-0.28568705829570568,-0.76588628762541811,0.19027137936941496
Philadelphia,-0.28568705829570568,-0.75919732441471566,0.1942196646051382
Philadelphia,-0.28568705829570568,-0.75250836120401332,0.19818015811414674
Philadelphia,-0.28568705829570568,-0.74581939799331098,0.20227967249402068
Philadelphia,-0.28568705829570568,-0.73913043478260865,0.20660984370434157
Philadelphia,-0.28568705829570568,-0.73244147157190631,0.21121791612152788
Philadelphia,-0.28568705829570568,-0.72575250836120397,0.21610355814557589
Philadelphia,-0.28568705829570568,-0.71906354515050164,0.22122120606851869
Philadelphia,-0.28568705829570568,-0.7123745819397993,0.22648691363278575
Philadelphia,-0.28568705829570568,-0.70568561872909696,0.23178856097486031
Philadelphia,-0.28568705829570568,-0.69899665551839463,0.23699831796947485
Philadelphia,-0.28568705829570568,-0.69230769230769229,0.24198624987841516
Philadelphia,-0.28568705829570568,-0.68561872909698995,0.24663383597723784
Philadelphia,-0.28568705829570568,-0.67892976588628762,0.25084605272013877
Philadelphia,-0.28568705829570568,-0.67224080267558528,0.25456073417719099
Philadelphia,-0.28568705829570568,-0.66555183946488294,0.25775427991069694
Philadelphia,-0.28568705829570568,-0.65886287625418061,0.26044339023434698
Philadelphia,-0.28568705829570568,-0.65217391304347827,0.26268317553488879
Philadelphia,-0.28568705829570568,-0.64548494983277593,0.26456246504259612
Philadelphia,-0.28568705829570568,-0.6387959866220736,0.26619726970595631
Philadelphia,-0.28568705829570568,-0.63210702341137126,0.26772314426594562
Philadelphia,-0.28568705829570568,-0.62541806020066892,0.26928682397757381
Philadelphia,-0.28568705829570568,-0.61872909698996659,0.27103723555395431
Philadelphia,-0.28568705829570568,-0.61204013377926425,0.27311599493352762
Philadelphia,-0.28568705829570568,-0.60535117056856191,0.27564783525291203
Philadelphia,-0.28568705829570568,-0.59866220735785958,0.27873189262067882
Philadelphia,-0.28568705829570568,-0.59197324414715724,0.28243512826319717
Philadelphia,-0.28568705829570568,-0.5852842809364549,0.28678911443195809
Philadelphia,-0.28568705829570568,-0.57859531772575257,0.29179085204607769
Philadelphia,-0.28568705829570568,-0.57190635451505023,0.29740735402252128
Philadelphia,-0.28568705829570568,-0.56521739130434789,0.30358275478415625
Philadelphia,-0.28568705829570568,-0.55852842809364556,0.31024608525259739
Philadelphia,-0.28568705829570568,-0.55183946488294322,0.31731784713870287
Philadelphia,-0.28568705829570568,-0.54515050167224088,0.32471413639884295
Philadelphia,-0.28568705829570568,-0.53846153846153855,0.33234804957576486
Philadelphia,-0.28568705829570568,-0.53177257525083621,0.34012907282423299
Philadelphia,-0.28568705829570568,-0.52508361204013376,0.34796177002796375
Philadelphia,-0.28568705829570568,-0.51839464882943143,0.35574521459344255
Philadelphia,-0.28568705829570568,-0.51170568561872909,0.36337432318541169
Philadelphia,-0.28568705829570568,-0.50501672240802675,0.37074374236879498
Philadelphia,-0.28568705829570568,-0.49832775919732442,0.37775439214603657
Philadelphia,-0.28568705829570568,-0.49163879598662208,0.38432227182928902
Philadelphia,-0.28568705829570568,-0.48494983277591974,0.39038868974066909
Philadelphia,-0.28568705829570568,-0.47826086956521741,0.39593068594388248
Philadelphia,-0.28568705829570568,-0.47157190635451507,0.40097012616628797
Philadelphia,-0.28568705829570568,-0.46488294314381273,0.40557985313451778
Philadelphia,-0.28568705829570568,-0.4581939799331104,0.40988547021926608
Philadelphia,-0.28568705829570568,-0.45150501672240806,0.41406180006050552
Philadelphia,-0.28568705829570568,-0.44481605351170572,0.41832371510321498
Philadelphia,-0.28568705829570568,-0.43812709030100339,0.42291175441381479
Philadelphia,-0.28568705829570568,-0.43143812709030105,0.42807364485488691
Philadelphia,-0.28568705829570568,-0.42474916387959871,0.43404352539975505
Philadelphia,-0.28568705829570568,-0.41806020066889638,0.44102132494697177
Philadelphia,-0.28568705829570568,-0.41137123745819404,0.44915525966233943
Philadelphia,-0.28568705829570568,-0.4046822742474917,0.45853054120272441
Philadelphia,-0.28568705829570568,-0.39799331103678925,0.46916680343474604
Philadelphia,-0.28568705829570568,-0.39130434782608692,0.48102527850762089
Philadelphia,-0.28568705829570568,-0.38461538461538458,0.49402453955969317
Philadelphia,-0.28568705829570568,-0.37792642140468224,0.50806124346061843
Philadelphia,-0.28568705829570568,-0.37123745819397991,0.52303058379172873
Philadelphia,-0.28568705829570568,-0.36454849498327757,0.5388408737648559
Philadelphia,-0.28568705829570568,-0.35785953177257523,0.55541817703964425
Philadelphia,-0.28568705829570568,-0.3511705685618729,0.57269991296893252
Philadelphia,-0.28568705829570568,-0.34448160535117056,0.59061999888852912
Philadelphia,-0.28568705829570568,-0.33779264214046822,0.60909114602901149
Philadelphia,-0.28568705829570568,-0.33110367892976589,0.62799128257561576
Philadelphia,-0.28568705829570568,-0.32441471571906355,0.64716012937605061
Philadelphia,-0.28568705829570568,-0.31772575250836121,0.66640885689145613
Philadelphia,-0.28568705829570568,-0.31103678929765888,0.68554143273132784
Philadelphia,-0.28568705829570568,-0.30434782608695654,0.70438215805366278
Philadelphia,-0.28568705829570568,-0.2976588628762542,0.72280144737238095
Philadelphia,-0.28568705829570568,-0.29096989966555187,0.74073208046243422
Philadelphia,-0.28568705829570568,-0.28428093645484953,0.75817098949437167
Philadelphia,-0.28568705829570568,-0.27759197324414719,0.77516619303187428
Philadelphia,-0.28568705829570568,-0.27090301003344486,0.79179312999655627
Philadelphia,-0.28568705829570568,-0.26421404682274252,0.80812770081470409
Philadelphia,-0.28568705829570568,-0.25752508361204018,0.82422372251881293
Philadelphia,-0.28568705829570568,-0.25083612040133785,0.84010022849145027
Philadelphia,-0.28568705829570568,-0.24414715719063551,0.85574010754567087
Philadelphia,-0.28568705829570568,-0.23745819397993317,0.87109758105367896
Philadelphia,-0.28568705829570568,-0.23076923076923084,0.88610945709336175
Philadelphia,-0.28568705829570568,-0.22408026755852839,0.90070476200959237
Philadelphia,-0.28568705829570568,-0.21739130434782605,0.91480904536751473
Philadelphia,-0.28568705829570568,-0.21070234113712372,0.92834240339177709
Philadelphia,-0.28568705829570568,-0.20401337792642138,0.94121279728028162
Philadelphia,-0.28568705829570568,-0.19732441471571904,0.9533075710685921
Philadelphia,-0.28568705829570568,-0.19063545150501671,0.96448589190376
Philadelphia,-0.28568705829570568,-0.18394648829431437,0.97457356988434751
Philadelphia,-0.28568705829570568,-0.17725752508361203,0.98336025169693175
Philadelphia,-0.28568705829570568,-0.1705685618729097,0.99059821360299105
Philadelphia,-0.28568705829570568,-0.16387959866220736,0.9960023693567398
Philadelphia,-0.28568705829570568,-0.15719063545150502,0.99925246725686145
Philadelphia,-0.28568705829570568,-0.15050167224080269,1
Philadelphia,-0.28568705829570568,-0.14381270903010035,0.99788306161659168
Philadelphia,-0.28568705829570568,-0.13712374581939801,0.99255145162550629
Philadelphia,-0.28568705829570568,-0.13043478260869568,0.98370159218091502
Philadelphia,-0.28568705829570568,-0.12374581939799334,0.97111697586920243
Philadelphia,-0.28568705829570568,-0.117056856187291,0.95470627251643525
Philadelphia,-0.28568705829570568,-0.11036789297658867,0.93452946726760122
Philadelphia,-0.28568705829570568,-0.10367892976588633,0.91080360724906506
Philadelphia,-0.28568705829570568,-0.096989966555183993,0.88388403194682907
Philadelphia,-0.28568705829570568,-0.090301003344481656,0.85422329194008417
Philadelphia,-0.28568705829570568,-0.08361204013377932,0.82231635261643699
Philadelphia,-0.28568705829570568,-0.076923076923076983,0.78864494568005516
Philadelphia,-0.28568705829570568,-0.070234113712374646,0.75363449302862429
Philadelphia,-0.28568705829570568,-0.063545150501672309,0.71763354152144276
Philadelphia,-0.28568705829570568,-0.056856187290969862,0.68091916162065302
Philadelphia,-0.28568705829570568,-0.050167224080267525,0.64372433948999541
Philadelphia,-0.28568705829570568,-0.043478260869565188,0.60627735465822485
Philadelphia,-0.28568705829570568,-0.036789297658862852,0.56884025681345474
Philadelphia,-0.28568705829570568,-0.030100334448160515,0.53173449898456526
Philadelphia,-0.28568705829570568,-0.023411371237458178,0.49534598428449572
Philadelphia,-0.28568705829570568,-0.016722408026755842,0.46010775622867728
Philadelphia,-0.28568705829570568,-0.010033444816053505,0.42646448021555833
Philadelphia,-0.28568705829570568,-0.0033444816053511683,0.39482714715834688
Philadelphia,-0.28568705829570568,0.0033444816053511683,0.36552816584586706
Philadelphia,-0.28568705829570568,0.010033444816053505,0.33878609375463742
Philadelphia,-0.28568705829570568,0.016722408026755842,0.31468628106011776
Philadelphia,-0.28568705829570568,0.023411371237458178,0.29317968983621329
Philadelphia,-0.28568705829570568,0.030100334448160515,0.27409821951717317
Philadelphia,-0.28568705829570568,0.036789297658862852,0.25718194768284941
Philadelphia,-0.28568705829570568,0.043478260869565188,0.24211231523428847
Philadelphia,-0.28568705829570568,0.050167224080267525,0.22854550348006056
Philadelphia,-0.28568705829570568,0.056856187290969862,0.21614169089264254
Philadelphia,-0.28568705829570568,0.063545150501672198,0.2045878857668405
Philadelphia,-0.28568705829570568,0.070234113712374535,0.19361390472544415
Philadelphia,-0.28568705829570568,0.076923076923076872,0.18300228400447713
Philadelphia,-0.28568705829570568,0.083612040133779209,0.17259328509537292
Philadelphia,-0.28568705829570568,0.090301003344481545,0.1622858620897992
Philadelphia,-0.28568705829570568,0.096989966555183882,0.15203491007313991
Philadelphia,-0.28568705829570568,0.10367892976588622,0.1418447627008684
Philadelphia,-0.28568705829570568,0.11036789297658856,0.13175903414300613
Philadelphia,-0.28568705829570568,0.11705685618729089,0.1218475036301801
Philadelphia,-0.28568705829570568,0.12374581939799323,0.11219155384960884
Philadelphia,-0.28568705829570568,0.13043478260869557,0.10287030422572839
Philadelphia,-0.28568705829570568,0.1371237458193979,0.093949690796126528
Philadelphia,-0.28568705829570568,0.14381270903010024,0.085476205622811663
Philadelphia,-0.28568705829570568,0.15050167224080258,0.077475947337183854
Philadelphia,-0.28568705829570568,0.15719063545150491,0.069958376883446513
Philadelphia,-0.28568705829570568,0.16387959866220725,0.062923111751172683
Philadelphia,-0.28568705829570568,0.17056856187290959,0.056367539773124829
Philadelphia,-0.28568705829570568,0.17725752508361192,0.050293116477339514
Philadelphia,-0.28568705829570568,0.18394648829431426,0.044708842753403512
Philadelphia,-0.28568705829570568,0.1906354515050166,0.039631356157142729
Philadelphia,-0.28568705829570568,0.19732441471571893,0.035082003109950556
Philadelphia,-0.28568705829570568,0.20401337792642149,0.031081931531457576
Philadelphia,-0.28568705829570568,0.21070234113712383,0.027646518761608254
Philadelphia,-0.28568705829570568,0.21739130434782616,0.024780338876316081
Philadelphia,-0.28568705829570568,0.2240802675585285,0.022473502456546793
Philadelphia,-0.28568705829570568,0.23076923076923084,0.020699745519546817
Philadelphia,-0.28568705829570568,0.23745819397993317,0.019416256424513487
Philadelphia,-0.28568705829570568,0.24414715719063551,0.01856499464956346
Philadelphia,-0.28568705829570568,0.25083612040133785,0.018075177349629379
Philadelphia,-0.28568705829570568,0.25752508361204018,0.017866634295671788
Philadelphia,-0.28568705829570568,0.26421404682274252,0.017853786380979023
Philadelphia,-0.28568705829570568,0.27090301003344486,0.017950032437446372
Philadelphia,-0.28568705829570568,0.27759197324414719,0.018072315018035773
Philadelphia,-0.28568705829570568,0.28428093645484953,0.018145592968033079
Philadelphia,-0.28568705829570568,0.29096989966555187,0.018106908418418399
Philadelphia,-0.28568705829570568,0.2976588628762542,0.017908726468805824
Philadelphia,-0.28568705829570568,0.30434782608695654,0.017521259454106916
Philadelphia,-0.28568705829570568,0.31103678929765888,0.016933558538351712
Philadelphia,-0.28568705829570568,0.31772575250836121,0.016153246959164043
Philadelphia,-0.28568705829570568,0.32441471571906355,0.015204865544532747
Philadelphia,-0.28568705829570568,0.33110367892976589,0.014126895825594833
Philadelphia,-0.28568705829570568,0.33779264214046822,0.012967625078061986
Philadelphia,-0.28568705829570568,0.34448160535117056,0.011780132914416793
Philadelphia,-0.28568705829570568,0.3511705685618729,0.010616815767436396
Philadelphia,-0.28568705829570568,0.35785953177257523,0.0095240084332872451
Philadelphia,-0.28568705829570568,0.36454849498327757,0.0085373690149759957
Philadelphia,-0.28568705829570568,0.37123745819397991,0.007678705550338772
Philadelphia,-0.28568705829570568,0.37792642140468224,0.0069547859374361016
Philadelphia,-0.28568705829570568,0.38461538461538458,0.0063583714402105735
Philadelphia,-0.28568705829570568,0.39130434782608692,0.0058712924085532834
Philadelphia,-0.28568705829570568,0.39799331103678925,0.0054689472175185102
Philadelphia,-0.28568705829570568,0.40468227424749159,0.0051252861040506194
Philadelphia,-0.28568705829570568,0.41137123745819393,0.0048172538156284906
Philadelphia,-0.28568705829570568,0.41806020066889626,0.0045278509686388219
Philadelphia,-0.28568705829570568,0.4247491638795986,0.0042473805466673609
Philadelphia,-0.28568705829570568,0.43143812709030094,0.0039729403156126145
Philadelphia,-0.28568705829570568,0.43812709030100327,0.0037066429533613638
Philadelphia,-0.28568705829570568,0.44481605351170561,0.0034532675076278702
Philadelphia,-0.28568705829570568,0.45150501672240795,0.0032180248189026652
Philadelphia,-0.28568705829570568,0.45819397993311028,0.0030049043089364186
Philadelphia,-0.28568705829570568,0.46488294314381262,0.0028157713642602516
Philadelphia,-0.28568705829570568,0.47157190635451496,0.0026501254109567904
Philadelphia,-0.28568705829570568,0.47826086956521729,0.0025052913845650527
Philadelphia,-0.28568705829570568,0.48494983277591963,0.0023768184486764312
Philadelphia,-0.28568705829570568,0.49163879598662197,0.0022589551496356259
Philadelphia,-0.28568705829570568,0.4983277591973243,0.0021451838870451441
Philadelphia,-0.28568705829570568,0.50501672240802664,0.0020288610278890334
Philadelphia,-0.28568705829570568,0.51170568561872898,0.0019039910323947343
Philadelphia,-0.28568705829570568,0.51839464882943131,0.0017660797926121103
Philadelphia,-0.28568705829570568,0.52508361204013365,0.0016129150519482601
Philadelphia,-0.28568705829570568,0.53177257525083599,0.0014450686740578474
Philadelphia,-0.28568705829570568,0.53846153846153832,0.0012659434036501683
Philadelphia,-0.28568705829570568,0.54515050167224088,0.0010812935098371062
Philadelphia,-0.28568705829570568,0.55183946488294322,0.00089829531531804589
Philadelphia,-0.28568705829570568,0.55852842809364556,0.00072437319719941158
Philadelphia,-0.28568705829570568,0.56521739130434789,0.00056605049770777551
Philadelphia,-0.28568705829570568,0.57190635451505023,0.0004280728119210729
Philadelphia,-0.28568705829570568,0.57859531772575257,0.00031295766685282583
Philadelphia,-0.28568705829570568,0.5852842809364549,0.00022099869839396755
Philadelphia,-0.28568705829570568,0.59197324414715724,0.00015063896761090373
Philadelphia,-0.28568705829570568,0.59866220735785958,9.9059702630816703e-05
Philadelphia,-0.28568705829570568,0.60535117056856191,6.2818270679247497e-05
Philadelphia,-0.28568705829570568,0.61204013377926425,3.8402525581819795e-05
Philadelphia,-0.28568705829570568,0.61872909698996659,2.262581697228915e-05
Philadelphia,-0.28568705829570568,0.62541806020066892,1.2844849037966761e-05
Philadelphia,-0.28568705829570568,0.63210702341137126,7.0252572760712871e-06
Philadelphia,-0.28568705829570568,0.6387959866220736,3.7012366136379924e-06
Philadelphia,-0.28568705829570568,0.64548494983277593,1.8781801687814376e-06
Philadelphia,-0.28568705829570568,0.65217391304347827,9.1790316870922258e-07
Philadelphia,-0.28568705829570568,0.65886287625418061,4.3201242391714786e-07
Philadelphia,-0.28568705829570568,0.66555183946488294,1.9579944786758281e-07
Philadelphia,-0.28568705829570568,0.67224080267558528,8.5452159346613543e-08
Philadelphia,-0.28568705829570568,0.67892976588628762,3.5909959181104153e-08
Philadelphia,-0.28568705829570568,0.68561872909698995,1.4530271045573624e-08
Philadelphia,-0.28568705829570568,0.69230769230769229,5.6609356758487667e-09
Philadelphia,-0.28568705829570568,0.69899665551839463,2.1234833195416192e-09
Philadelphia,-0.28568705829570568,0.70568561872909696,7.6691520213743315e-10
Philadelphia,-0.28568705829570568,0.7123745819397993,2.6667140136203369e-10
Philadelphia,-0.28568705829570568,0.71906354515050164,8.9274962767003159e-11
Philadelphia,-0.28568705829570568,0.72575250836120397,2.8774063449026666e-11
Philadelphia,-0.28568705829570568,0.73244147157190631,8.9286463153909464e-12
Philadelphia,-0.28568705829570568,0.73913043478260865,2.6673372439772812e-12
Philadelphia,-0.28568705829570568,0.74581939799331098,7.6713780337084656e-13
Philadelphia,-0.28568705829570568,0.75250836120401332,2.1240633145961431e-13
Philadelphia,-0.28568705829570568,0.75919732441471566,5.6618163878723306e-14
Philadelphia,-0.28568705829570568,0.76588628762541799,1.4528945871853884e-14
Philadelphia,-0.28568705829570568,0.77257525083612033,3.5892050932091713e-15
Philadelphia,-0.28568705829570568,0.77926421404682267,8.5357994351134657e-16
Philadelphia,-0.28568705829570568,0.785953177257525,1.954194787316579e-16
Philadelphia,-0.28568705829570568,0.79264214046822734,4.3069043550413842e-17
Philadelphia,-0.28568705829570568,0.79933110367892968,9.1376048364129439e-18
Philadelphia,-0.28568705829570568,0.80602006688963201,1.8662308139598982e-18
Philadelphia,-0.28568705829570568,0.81270903010033435,3.6691061231166264e-19
Philadelphia,-0.28568705829570568,0.81939799331103669,6.9440565158855937e-20
Philadelphia,-0.28568705829570568,0.82608695652173902,1.2650870951449296e-20
Philadelphia,-0.28568705829570568,0.83277591973244136,2.218594781015397e-21
Philadelphia,-0.28568705829570568,0.8394648829431437,3.745261437761131e-22
Philadelphia,-0.28568705829570568,0.84615384615384603,6.0859604111039694e-23
Philadelphia,-0.28568705829570568,0.85284280936454837,9.5195236451698896e-24
Philadelphia,-0.28568705829570568,0.85953177257525071,1.4332988047011245e-24
Philadelphia,-0.28568705829570568,0.86622073578595304,2.0772561296710414e-25
Philadelphia,-0.28568705829570568,0.87290969899665538,2.8978210025546459e-26
Philadelphia,-0.28568705829570568,0.87959866220735772,3.8911476932566251e-27
Philadelphia,-0.28568705829570568,0.88628762541806028,5.0292709930094486e-28
Philadelphia,-0.28568705829570568,0.89297658862876261,6.256768510298685e-29
Philadelphia,-0.28568705829570568,0.89966555183946495,7.4922021647111732e-30
Philadelphia,-0.28568705829570568,0.90635451505016729,8.6353495577430874e-31
Philadelphia,-0.28568705829570568,0.91304347826086962,9.5798374050278584e-32
Philadelphia,-0.28568705829570568,0.91973244147157196,1.0229182930221602e-32
Philadelphia,-0.28568705829570568,0.9264214046822743,1.0512965064675326e-33
Philadelphia,-0.28568705829570568,0.93311036789297663,1.0399391083563756e-34
Philadelphia,-0.28568705829570568,0.93979933110367897,9.9011588326475252e-36
Philadelphia,-0.28568705829570568,0.94648829431438131,9.073119995110375e-37
Philadelphia,-0.28568705829570568,0.95317725752508364,8.002339014026372e-38
Philadelphia,-0.28568705829570568,0.95986622073578598,6.793039289704126e-39
Philadelphia,-0.28568705829570568,0.96655518394648832,5.5500320602642539e-40
Philadelphia,-0.28568705829570568,0.97324414715719065,4.364237829846678e-41
Philadelphia,-0.28568705829570568,0.97993311036789299,3.3029372118684238e-42
Philadelphia,-0.28568705829570568,0.98662207357859533,2.4058509982800245e-43
Philadelphia,-0.28568705829570568,0.99331103678929766,1.6865965818111999e-44
Philadelphia,-0.28568705829570568,1,1.1379559098293101e-45
Detroit,-0.13693756868379633,-1,0.0065993020147689331
Detroit,-0.13693756868379633,-0.99331103678929766,0.0086923681505158834
Detroit,-0.13693756868379633,-0.98662207357859533,0.011298746009261951
Detroit,-0.13693756868379633,-0.97993311036789299,0.014494447575857829
Detroit,-0.13693756868379633,-0.97324414715719065,0.018351881758300072
Detroit,-0.13693756868379633,-0.96655518394648832,0.022934988097317519
Detroit,-0.13693756868379633,-0.95986622073578598,0.028293862566196936
Detroit,-0.13693756868379633,-0.95317725752508364,0.034459250563880335
Detroit,-0.13693756868379633,-0.94648829431438131,0.041437375669838995
Detroit,-0.13693756868379633,-0.93979933110367897,0.049205626027805052
Detroit,-0.13693756868379633,-0.93311036789297663,0.057709619039602734
Detroit,-0.13693756868379633,-0.9264214046822743,0.066862101453034159
Detroit,-0.13693756868379633,-0.91973244147157196,0.076544016406827078
Detroit,-0.13693756868379633,-0.91304347826086962,0.086607891062475226
Detroit,-0.13693756868379633,-0.90635451505016729,0.096883485690149374
Detroit,-0.13693756868379633,-0.89966555183946484,0.10718542083660579
Detroit,-0.13693756868379633,-0.8929765886287625,0.11732228944609741
Detroit,-0.13693756868379633,-0.88628762541806017,0.1271065906654055
Detroit,-0.13693756868379633,-0.87959866220735783,0.13636471268951345
Detroit,-0.13693756868379633,-0.87290969899665549,0.14494615802330699
Detroit,-0.13693756868379633,-0.86622073578595316,0.15273125232158744
Detroit,-0.13693756868379633,-0.85953177257525082,0.15963670476691683
Detroit,-0.13693756868379633,-0.85284280936454848,0.16561858187387588
Detroit,-0.13693756868379633,-0.84615384615384615,0.17067249764407383
Detroit,-0.13693756868379633,-0.83946488294314381,0.17483108497799829
Detroit,-0.13693756868379633,-0.83277591973244147,0.17815906689485531
Detroit,-0.13693756868379633,-0.82608695652173914,0.18074646276139519
Detroit,-0.13693756868379633,-0.8193979933110368,0.18270062027760139
Detroit,-0.13693756868379633,-0.81270903010033446,0.18413784220898025
Detroit,-0.13693756868379633,-0.80602006688963213,0.18517537155287636
Detroit,-0.13693756868379633,-0.79933110367892979,0.1859244140198873
Detroit,-0.13693756868379633,-0.79264214046822745,0.18648472533772095
Detroit,-0.13693756868379633,-0.78595317725752512,0.18694109222154995
Detroit,-0.13693756868379633,-0.77926421404682278,0.18736181260631096
Detroit,-0.13693756868379633,-0.77257525083612044,0.18779905651970991
Detroit,-0.13693756868379633,-0.76588628762541811,0.18829078658852075
Detroit,-0.13693756868379633,-0.75919732441471566,0.18886375750059708
Detroit,-0.13693756868379633,-0.75250836120401332,0.18953701475209489
Detroit,-0.13693756868379633,-0.74581939799331098,0.19032528818194186
Detroit,-0.13693756868379633,-0.73913043478260865,0.19124173180307411
Detroit,-0.13693756868379633,-0.73244147157190631,0.19229959536807067
Detroit,-0.13693756868379633,-0.72575250836120397,0.19351261028585665
Detroit,-0.13693756868379633,-0.71906354515050164,0.19489410621943595
Detroit,-0.13693756868379633,-0.7123745819397993,0.1964551087711541
Detroit,-0.13693756868379633,-0.70568561872909696,0.19820186312415022
Detroit,-0.13693756868379633,-0.69899665551839463,0.2001333473476557
Detroit,-0.13693756868379633,-0.69230769230769229,0.20223935828166559
Detroit,-0.13693756868379633,-0.68561872909698995,0.20449966651766044
Detroit,-0.13693756868379633,-0.67892976588628762,0.20688455920273405
Detroit,-0.13693756868379633,-0.67224080267558528,0.20935685209272542
Detroit,-0.13693756868379633,-0.66555183946488294,0.21187519835210233
Detroit,-0.13693756868379633,-0.65886287625418061,0.21439829593053394
Detroit,-0.13693756868379633,-0.65217391304347827,0.21688943584888828
Detroit,-0.13693756868379633,-0.64548494983277593,0.21932076460641897
Detroit,-0.13693756868379633,-0.6387959866220736,0.22167666255502219
Detroit,-0.13693756868379633,-0.63210702341137126,0.22395575769543735
Detroit,-0.13693756868379633,-0.62541806020066892,0.22617127956856575
Detroit,-0.13693756868379633,-0.61872909698996659,0.22834968179822304
Detroit,-0.13693756868379633,-0.61204013377926425,0.23052769285086719
Detroit,-0.13693756868379633,-0.60535117056856191,0.2327481625985445
Detroit,-0.13693756868379633,-0.59866220735785958,0.23505523142638762
Detroit,-0.13693756868379633,-0.59197324414715724,0.23748943920436263
Detroit,-0.13693756868379633,-0.5852842809364549,0.24008340145678364
Detroit,-0.13693756868379633,-0.57859531772575257,0.24285860672562254
Detroit,-0.13693756868379633,-0.57190635451505023,0.24582374008373126
Detroit,-0.13693756868379633,-0.56521739130434789,0.24897473147919133
Detroit,-0.13693756868379633,-0.55852842809364556,0.25229649214196004
Detroit,-0.13693756868379633,-0.55183946488294322,0.25576607196849049
Detroit,-0.13693756868379633,-0.54515050167224088,0.25935678083657832
Detroit,-0.13693756868379633,-0.53846153846153855,0.26304269685214843
Detroit,-0.13693756868379633,-0.53177257525083621,0.26680295260485698
Detroit,-0.13693756868379633,-0.52508361204013376,0.27062524894408074
Detroit,-0.13693756868379633,-0.51839464882943143,0.27450818059149495
Detroit,-0.13693756868379633,-0.51170568561872909,0.27846214196828778
Detroit,-0.13693756868379633,-0.50501672240802675,0.28250878107650501
Detroit,-0.13693756868379633,-0.49832775919732442,0.28667915139877492
Detroit,-0.13693756868379633,-0.49163879598662208,0.29101085206903821
Detroit,-0.13693756868379633,-0.48494983277591974,0.29554453304554151
Detroit,-0.13693756868379633,-0.47826086956521741,0.30032017551377543
Detroit,-0.13693756868379633,-0.47157190635451507,0.30537354831400287
Detroit,-0.13693756868379633,-0.46488294314381273,0.31073320218944883
Detroit,-0.13693756868379633,-0.4581939799331104,0.31641830587583875
Detroit,-0.13693756868379633,-0.45150501672240806,0.32243755618080416
Detroit,-0.13693756868379633,-0.44481605351170572,0.32878930700289744
Detroit,-0.13693756868379633,-0.43812709030100339,0.33546295631778722
Detroit,-0.13693756868379633,-0.43143812709030105,0.34244150549350677
Detroit,-0.13693756868379633,-0.42474916387959871,0.3497050699403394
Detroit,-0.13693756868379633,-0.41806020066889638,0.35723499156957672
Detroit,-0.13693756868379633,-0.41137123745819404,0.36501810571369758
Detroit,-0.13693756868379633,-0.4046822742474917,0.37305067144598708
Detroit,-0.13693756868379633,-0.39799331103678925,0.38134149937711359
Detroit,-0.13693756868379633,-0.39130434782608692,0.3899139048855127
Detroit,-0.13693756868379633,-0.38461538461538458,0.39880626084803206
Detroit,-0.13693756868379633,-0.37792642140468224,0.40807109350029169
Detroit,-0.13693756868379633,-0.37123745819397991,0.41777282555610395
Detroit,-0.13693756868379633,-0.36454849498327757,0.42798439572236008
Detroit,-0.13693756868379633,-0.35785953177257523,0.4387830603176921
Detroit,-0.13693756868379633,-0.3511705685618729,0.45024571353522724
Detroit,-0.13693756868379633,-0.34448160535117056,0.46244406246656389
Detroit,-0.13693756868379633,-0.33779264214046822,0.47543997942671834
Detroit,-0.13693756868379633,-0.33110367892976589,0.48928134004451024
Detroit,-0.13693756868379633,-0.32441471571906355,0.50399864207196299
Detroit,-0.13693756868379633,-0.31772575250836121,0.51960267578343333
Detroit,-0.13693756868379633,-0.31103678929765888,0.53608346415942643
Detroit,-0.13693756868379633,-0.30434782608695654,0.55341059409955073
Detroit,-0.13693756868379633,-0.2976588628762542,0.57153491482597507
Detroit,-0.13693756868379633,-0.29096989966555187,0.5903914002997297
Detroit,-0.13693756868379633,-0.28428093645484953,0.60990279020937888
Detroit,-0.13693756868379633,-0.27759197324414719,0.62998348081243016
Detroit,-0.13693756868379633,-0.27090301003344486,0.65054307353128404
Detroit,-0.13693756868379633,-0.26421404682274252,0.67148903296433837
Detroit,-0.13693756868379633,-0.25752508361204018,0.69272806063058801
Detroit,-0.13693756868379633,-0.25083612040133785,0.71416603290652447
Detroit,-0.13693756868379633,-0.24414715719063551,0.73570663443840723
Detroit,-0.13693756868379633,-0.23745819397993317,0.75724908218956066
Detroit,-0.13693756868379633,-0.23076923076923084,0.77868552236527622
Detroit,-0.13693756868379633,-0.22408026755852839,0.79989875151161627
Detroit,-0.13693756868379633,-0.21739130434782605,0.82076085046521274
Detroit,-0.13693756868379633,-0.21070234113712372,0.84113314348926993
Detroit,-0.13693756868379633,-0.20401337792642138,0.86086765003580556
Detroit,-0.13693756868379633,-0.19732441471571904,0.87980994359810005
Detroit,-0.13693756868379633,-0.19063545150501671,0.89780313038323167
Detroit,-0.13693756868379633,-0.18394648829431437,0.91469255169255903
Detroit,-0.13693756868379633,-0.17725752508361203,0.93033081016631125
Detroit,-0.13693756868379633,-0.1705685618729097,0.9445828009613193
Detroit,-0.13693756868379633,-0.16387959866220736,0.95733054804966367
Detroit,-0.13693756868379633,-0.15719063545150502,0.96847774591109703
Detroit,-0.13693756868379633,-0.15050167224080269,0.97795393927145846
Detroit,-0.13693756868379633,-0.14381270903010035,0.98571821578224916
Detroit,-0.13693756868379633,-0.13712374581939801,0.99176215265629131
Detroit,-0.13693756868379633,-0.13043478260869568,0.99611159761447698
Detroit,-0.13693756868379633,-0.12374581939799334,0.99882674879422684
Detroit,-0.13693756868379633,-0.117056856187291,1
Detroit,-0.13693756868379633,-0.11036789297658867,0.99975118574870103
Detroit,-0.13693756868379633,-0.10367892976588633,0.99822020057084015
Detroit,-0.13693756868379633,-0.096989966555183993,0.99555743240018779
Detroit,-0.13693756868379633,-0.090301003344481656,0.9919129474506827
Detroit,-0.13693756868379633,-0.08361204013377932,0.98742577356832617
Detroit,-0.13693756868379633,-0.076923076923076983,0.98221483273788879
Detroit,-0.13693756868379633,-0.070234113712374646,0.97637298722956523
Detroit,-0.13693756868379633,-0.063545150501672309,0.96996526352214951
Detroit,-0.13693756868379633,-0.056856187290969862,0.96303165181032224
Detroit,-0.13693756868379633,-0.050167224080267525,0.95559406267604141
Detroit,-0.13693756868379633,-0.043478260869565188,0.94766621859714173
Detroit,-0.13693756868379633,-0.036789297658862852,0.93926464010919486
Detroit,-0.13693756868379633,-0.030100334448160515,0.9304186001702347
Detroit,-0.13693756868379633,-0.023411371237458178,0.92117704760810371
Detroit,-0.13693756868379633,-0.016722408026755842,0.91161103763360873
Detroit,-0.13693756868379633,-0.010033444816053505,0.90181106127826982
Detroit,-0.13693756868379633,-0.0033444816053511683,0.89187967112509681
Detroit,-0.13693756868379633,0.0033444816053511683,0.88192075461892105
Detroit,-0.13693756868379633,0.010033444816053505,0.87202751078186436
Detroit,-0.13693756868379633,0.016722408026755842,0.86227149208996323
Detroit,-0.13693756868379633,0.023411371237458178,0.85269491275293152
Detroit,-0.13693756868379633,0.030100334448160515,0.8433078262716236
Detroit,-0.13693756868379633,0.036789297658862852,0.83409085780637005
Detroit,-0.13693756868379633,0.043478260869565188,0.82500312393626474
Detroit,-0.13693756868379633,0.050167224080267525,0.81599399223013491
Detroit,-0.13693756868379633,0.056856187290969862,0.80701661507147959
Detroit,-0.13693756868379633,0.063545150501672198,0.79804084799631392
Detroit,-0.13693756868379633,0.070234113712374535,0.78906328125475489
Detroit,-0.13693756868379633,0.076923076923076872,0.78011263427583455
Detroit,-0.13693756868379633,0.083612040133779209,0.77124957029442831
Detroit,-0.13693756868379633,0.090301003344481545,0.76256091945603532
Detroit,-0.13693756868379633,0.096989966555183882,0.75414917947023696
Detroit,-0.13693756868379633,0.10367892976588622,0.74611884467010758
Detroit,-0.13693756868379633,0.11036789297658856,0.73856150054035541
Detroit,-0.13693756868379633,0.11705685618729089,0.73154167968898132
Detroit,-0.13693756868379633,0.12374581939799323,0.72508523749196707
Detroit,-0.13693756868379633,0.13043478260869557,0.71917154881746881
Detroit,-0.13693756868379633,0.1371237458193979,0.71373025303997029
Detroit,-0.13693756868379633,0.14381270903010024,0.70864268503911121
Detroit,-0.13693756868379633,0.15050167224080258,0.70374760841510808
Detroit,-0.13693756868379633,0.15719063545150491,0.69885046759667702
Detroit,-0.13693756868379633,0.16387959866220725,0.69373512030172535
Detroit,-0.13693756868379633,0.17056856187290959,0.68817689723556008
Detroit,-0.13693756868379633,0.17725752508361192,0.68195584145920951
Detroit,-0.13693756868379633,0.18394648829431426,0.67486907809059382
Detroit,-0.13693756868379633,0.1906354515050166,0.66674142930458369
Detroit,-0.13693756868379633,0.19732441471571893,0.65743359839018223
Detroit,-0.13693756868379633,0.20401337792642149,0.64684748389748981
Detroit,-0.13693756868379633,0.21070234113712383,0.63492843811869526
Detroit,-0.13693756868379633,0.21739130434782616,0.62166454094932178
Detroit,-0.13693756868379633,0.2240802675585285,0.60708320561282048
Detroit,-0.13693756868379633,0.23076923076923084,0.59124564812353508
Detroit,-0.13693756868379633,0.23745819397993317,0.57423991651275819
Detroit,-0.13693756868379633,0.24414715719063551,0.55617326841273895
Detroit,-0.13693756868379633,0.25083612040133785,0.53716469179449911
Detroit,-0.13693756868379633,0.25752508361204018,0.51733827885934125
Detroit,-0.13693756868379633,0.26421404682274252,0.49681799587566922
Detroit,-0.13693756868379633,0.27090301003344486,0.47572416425138964
Detroit,-0.13693756868379633,0.27759197324414719,0.45417171315218591
Detroit,-0.13693756868379633,0.28428093645484953,0.43227001949897298
Detroit,-0.13693756868379633,0.29096989966555187,0.4101239533826197
Detroit,-0.13693756868379633,0.2976588628762542,0.38783562345617234
Detroit,-0.13693756868379633,0.30434782608695654,0.36550628184685713
Detroit,-0.13693756868379633,0.31103678929765888,0.34323790011396754
Detroit,-0.13693756868379633,0.31772575250836121,0.32113405072641799
Detroit,-0.13693756868379633,0.32441471571906355,0.29929989554363068
Detroit,-0.13693756868379633,0.33110367892976589,0.27784126156674405
Detroit,-0.13693756868379633,0.33779264214046822,0.25686294319887687
Detroit,-0.13693756868379633,0.34448160535117056,0.23646648413260946
Detroit,-0.13693756868379633,0.3511705685618729,0.21674774598179788
Detroit,-0.13693756868379633,0.35785953177257523,0.19779456270850185
Detroit,-0.13693756868379633,0.36454849498327757,0.17968471985668702
Detroit,-0.13693756868379633,0.37123745819397991,0.16248440521166091
Detroit,-0.13693756868379633,0.37792642140468224,0.14624717720135133
Detroit,-0.13693756868379633,0.38461538461538458,0.13101341268805292
Detroit,-0.13693756868379633,0.39130434782608692,0.11681014396598226
Detroit,-0.13693756868379633,0.39799331103678925,0.10365118280645198
Detroit,-0.13693756868379633,0.40468227424749159,0.091537452967919861
Detroit,-0.13693756868379633,0.41137123745819393,0.080457497921932269
Detroit,-0.13693756868379633,0.41806020066889626,0.070388178752090788
Detroit,-0.13693756868379633,0.4247491638795986,0.061295609939749335
Detroit,-0.13693756868379633,0.43143812709030094,0.053136385589646326
Detroit,-0.13693756868379633,0.43812709030100327,0.045859122356324805
Detroit,-0.13693756868379633,0.44481605351170561,0.039406294529619301
Detroit,-0.13693756868379633,0.45150501672240795,0.033716275606029834
Detroit,-0.13693756868379633,0.45819397993311028,0.028725446623625476
Detroit,-0.13693756868379633,0.46488294314381262,0.024370200192713722
Detroit,-0.13693756868379633,0.47157190635451496,0.020588670101852165
Detroit,-0.13693756868379633,0.47826086956521729,0.017322050831005274
Detroit,-0.13693756868379633,0.48494983277591963,0.014515432134586318
Detroit,-0.13693756868379633,0.49163879598662197,0.01211814780192606
Detroit,-0.13693756868379633,0.4983277591973243,0.010083708939844485
Detroit,-0.13693756868379633,0.50501672240802664,0.0083694461876099857
Detroit,-0.13693756868379633,0.51170568561872898,0.0069360123049349307
Detroit,-0.13693756868379633,0.51839464882943131,0.0057468931681527637
Detroit,-0.13693756868379633,0.52508361204013365,0.0047680446335268134
Detroit,-0.13693756868379633,0.53177257525083599,0.0039677235995546961
Detroit,-0.13693756868379633,0.53846153846153832,0.0033165255433446053
Detroit,-0.13693756868379633,0.54515050167224088,0.0027875896878695981
Detroit,-0.13693756868379633,0.55183946488294322,0.002356896382047142
Detroit,-0.13693756868379633,0.55852842809364556,0.0020035648314458208
Detroit,-0.13693756868379633,0.56521739130434789,0.001710063864990112
Detroit,-0.13693756868379633,0.57190635451505023,0.0014622704676806712
Detroit,-0.13693756868379633,0.57859531772575257,0.0012493437500388598
Detroit,-0.13693756868379633,0.5852842809364549,0.001063417913011463
Detroit,-0.13693756868379633,0.59197324414715724,0.00089914913308179918
Detroit,-0.13693756868379633,0.59866220735785958,0.0007531726330396336
Detroit,-0.13693756868379633,0.60535117056856191,0.0006235348425301043
Detroit,-0.13693756868379633,0.61204013377926425,0.00050916176460582359
Detroit,-0.13693756868379633,0.61872909698996659,0.00040941114430999542
Detroit,-0.13693756868379633,0.62541806020066892,0.00032373692370146301
Detroit,-0.13693756868379633,0.63210702341137126,0.00025147423341345297
Detroit,-0.13693756868379633,0.6387959866220736,0.00019173562598685169
Detroit,-0.13693756868379633,0.64548494983277593,0.00014339690720877607
Detroit,-0.13693756868379633,0.65217391304347827,0.00010514473796826669
Detroit,-0.13693756868379633,0.65886287625418061,7.5557745686848026e-05
Detroit,-0.13693756868379633,0.66555183946488294,5.319681747787784e-05
Detroit,-0.13693756868379633,0.67224080267558528,3.6686716477656027e-05
Detroit,-0.13693756868379633,0.67892976588628762,2.4778374138358965e-05
Detroit,-0.13693756868379633,0.68561872909698995,1.6387751055008378e-05
Detroit,-0.13693756868379633,0.69230769230769229,1.0612160028109397e-05
Detroit,-0.13693756868379633,0.69899665551839463,6.7280888452525599e-06
Detroit,-0.13693756868379633,0.70568561872909696,4.1759632226471443e-06
Detroit,-0.13693756868379633,0.7123745819397993,2.5373374210057627e-06
Detroit,-0.13693756868379633,0.71906354515050164,1.5091786203031542e-06
Detroit,-0.13693756868379633,0.72575250836120397,8.7868204278264936e-07
Detroit,-0.13693756868379633,0.73244147157190631,5.0077440716448877e-07
Detroit,-0.13693756868379633,0.73913043478260865,2.7936015907941636e-07
Detroit,-0.13693756868379633,0.74581939799331098,1.5254329421761444e-07
Detroit,-0.13693756868379633,0.75250836120401332,8.153117152212874e-08
Detroit,-0.13693756868379633,0.75919732441471566,4.2653309654774846e-08
Detroit,-0.13693756868379633,0.76588628762541799,2.1841256419028531e-08
Detroit,-0.13693756868379633,0.77257525083612033,1.0947028638154023e-08
Detroit,-0.13693756868379633,0.77926421404682267,5.3704048620614897e-09
Detroit,-0.13693756868379633,0.785953177257525,2.5787466291624421e-09
Detroit,-0.13693756868379633,0.79264214046822734,1.2119932588613236e-09
Detroit,-0.13693756868379633,0.79933110367892968,5.5754618379893568e-10
Detroit,-0.13693756868379633,0.80602006688963201,2.5104408782089474e-10
Detroit,-0.13693756868379633,0.81270903010033435,1.1063872985516292e-10
Detroit,-0.13693756868379633,0.81939799331103669,4.7725669070465281e-11
Detroit,-0.13693756868379633,0.82608695652173902,2.0150426292662498e-11
Detroit,-0.13693756868379633,0.83277591973244136,8.3272880968011054e-12
Detroit,-0.13693756868379633,0.8394648829431437,3.3682932905530415e-12
Detroit,-0.13693756868379633,0.84615384615384603,1.3335307248184218e-12
Detroit,-0.13693756868379633,0.85284280936454837,5.1675282126228435e-13
Detroit,-0.13693756868379633,0.85953177257525071,1.9599694479045091e-13
Detroit,-0.13693756868379633,0.86622073578595304,7.276160862897219e-14
Detroit,-0.13693756868379633,0.87290969899665538,2.6438801970163248e-14
Detroit,-0.13693756868379633,0.87959866220735772,9.4030273083083136e-15
Detroit,-0.13693756868379633,0.88628762541806028,3.2732564565915562e-15
Detroit,-0.13693756868379633,0.89297658862876261,1.115266741705318e-15
Detroit,-0.13693756868379633,0.89966555183946495,3.7193224302243734e-16
Detroit,-0.13693756868379633,0.90635451505016729,1.2140462973856074e-16
Detroit,-0.13693756868379633,0.91304347826086962,3.8787607768927592e-17
Detroit,-0.13693756868379633,0.91973244147157196,1.2129336833559138e-17
Detroit,-0.13693756868379633,0.9264214046822743,3.7125082127410828e-18
Detroit,-0.13693756868379633,0.93311036789297663,1.1122030617223159e-18
Detroit,-0.13693756868379633,0.93979933110367897,3.2612721322115177e-19
Detroit,-0.13693756868379633,0.94648829431438131,9.360009219731379e-20
Detroit,-0.13693756868379633,0.95317725752508364,2.6293705392040767e-20
Detroit,-0.13693756868379633,0.95986622073578598,7.2295885772445224e-21
Detroit,-0.13693756868379633,0.96655518394648832,1.9456362272278863e-21
Detroit,-0.13693756868379633,0.97324414715719065,5.1250248093002194e-22
Detroit,-0.13693756868379633,0.97993311036789299,1.3213460283926067e-22
Detroit,-0.13693756868379633,0.98662207357859533,3.334443906006565e-23
Detroit,-0.13693756868379633,0.99331103678929766,8.236003561319212e-24
Detroit,-0.13693756868379633,1,1.9911129205854853e-24
Dallas,-0.016675824029481062,-1,2.7831991973608867e-06
Dallas,-0.016675824029481062,-0.99331103678929766,5.3372978911198507e-06
Dallas,-0.016675824029481062,-0.98662207357859533,9.9341199412433336e-06
Dallas,-0.016675824029481062,-0.97993311036789299,1.7952709991437485e-05
Dallas,-0.016675824029481062,-0.97324414715719065,3.1512688427225605e-05
Dallas,-0.016675824029481062,-0.96655518394648832,5.3747445984827538e-05
Dallas,-0.016675824029481062,-0.95986622073578598,8.9106490588062426e-05
Dallas,-0.016675824029481062,-0.95317725752508364,0.00014364912886620724
Dallas,-0.016675824029481062,-0.94648829431438131,0.00022527037127366696
Dallas,-0.016675824029481062,-0.93979933110367897,0.00034378131659589781
Dallas,-0.016675824029481062,-0.93311036789297663,0.00051075735701773095
Dallas,-0.016675824029481062,-0.9264214046822743,0.00073907618903502653
Dallas,-0.016675824029481062,-0.91973244147157196,0.0010421000029834119
Dallas,-0.016675824029481062,-0.91304347826086962,0.001432513803290452
Dallas,-0.016675824029481062,-0.90635451505016729,0.0019209085895870496
Dallas,-0.016675824029481062,-0.89966555183946484,0.0025142797021883707
Dallas,-0.016675824029481062,-0.8929765886287625,0.0032146761297142459
Dallas,-0.016675824029481062,-0.88628762541806017,0.0040182637873884706
Dallas,-0.016675824029481062,-0.87959866220735783,0.0049150384246674488
Dallas,-0.016675824029481062,-0.87290969899665549,0.0058893385141827129
Dallas,-0.016675824029481062,-0.86622073578595316,0.006921178367680178
Dallas,-0.016675824029481062,-0.85953177257525082,0.0079882746837633186
Dallas,-0.016675824029481062,-0.85284280936454848,0.0090685107369056044
Dallas,-0.016675824029481062,-0.84615384615384615,0.010142502532581288
Dallas,-0.016675824029481062,-0.83946488294314381,0.011195917373419503
Dallas,-0.016675824029481062,-0.83277591973244147,0.012221245036593496
Dallas,-0.016675824029481062,-0.82608695652173914,0.013218816048640827
Dallas,-0.016675824029481062,-0.8193979933110368,0.0141969737054962
Dallas,-0.016675824029481062,-0.81270903010033446,0.015171413820474284
Dallas,-0.016675824029481062,-0.80602006688963213,0.016163797911401441
Dallas,-0.016675824029481062,-0.79933110367892979,0.01719982289560076
Dallas,-0.016675824029481062,-0.79264214046822745,0.018306998691121255
Dallas,-0.016675824029481062,-0.78595317725752512,0.019512442764486066
Dallas,-0.016675824029481062,-0.77926421404682278,0.020841032169016265
Dallas,-0.016675824029481062,-0.77257525083612044,0.02231423318299533
Dallas,-0.016675824029481062,-0.76588628762541811,0.0239498339352981
Dallas,-0.016675824029481062,-0.75919732441471566,0.025762634876792253
Dallas,-0.016675824029481062,-0.75250836120401332,0.027765935349931763
Dallas,-0.016675824029481062,-0.74581939799331098,0.029973448197376341
Dallas,-0.016675824029481062,-0.73913043478260865,0.032401141559253818
Dallas,-0.016675824029481062,-0.73244147157190631,0.035068491785489972
Dallas,-0.016675824029481062,-0.72575250836120397,0.037998739768162829
Dallas,-0.016675824029481062,-0.71906354515050164,0.041217941548273539
Dallas,-0.016675824029481062,-0.7123745819397993,0.044752836453729516
Dallas,-0.016675824029481062,-0.70568561872909696,0.048627768088293839
Dallas,-0.016675824029481062,-0.69899665551839463,0.05286105238756774
Dallas,-0.016675824029481062,-0.69230769230769229,0.057461284527186872
Dallas,-0.016675824029481062,-0.68561872909698995,0.062424116827906308
Dallas,-0.016675824029481062,-0.67892976588628762,0.067730021882921931
Dallas,-0.016675824029481062,-0.67224080267558528,0.073343464362613769
Dallas,-0.016675824029481062,-0.66555183946488294,0.079213722393323735
Dallas,-0.016675824029481062,-0.65886287625418061,0.085277324422360246
Dallas,-0.016675824029481062,-0.65217391304347827,0.091461739121058455
Dallas,-0.016675824029481062,-0.64548494983277593,0.097689656143388134
Dallas,-0.016675824029481062,-0.6387959866220736,0.10388302683507725
Dallas,-0.016675824029481062,-0.63210702341137126,0.10996607829060816
Dallas,-0.016675824029481062,-0.62541806020066892,0.11586679383241069
Dallas,-0.016675824029481062,-0.61872909698996659,0.12151681322996442
Dallas,-0.016675824029481062,-0.61204013377926425,0.12685022804415655
Dallas,-0.016675824029481062,-0.60535117056856191,0.13180218544472139
Dallas,-0.016675824029481062,-0.59866220735785958,0.13630843730675871
Dallas,-0.016675824029481062,-0.59197324414715724,0.14030689802832794
Dallas,-0.016675824029481062,-0.5852842809364549,0.14374188665570478
Dallas,-0.016675824029481062,-0.57859531772575257,0.14657107823665497
Dallas,-0.016675824029481062,-0.57190635451505023,0.14877439527119893
Dallas,-0.016675824029481062,-0.56521739130434789,0.15036331041473561
Dallas,-0.016675824029481062,-0.55852842809364556,0.15138851599508099
Dallas,-0.016675824029481062,-0.55183946488294322,0.15194383635983238
Dallas,-0.016675824029481062,-0.54515050167224088,0.15216472295280931
Dallas,-0.016675824029481062,-0.53846153846153855,0.15222064306335403
Dallas,-0.016675824029481062,-0.53177257525083621,0.15230195181262396
Dallas,-0.016675824029481062,-0.52508361204013376,0.15260310056217966
Dallas,-0.016675824029481062,-0.51839464882943143,0.15330493246857341
Dallas,-0.016675824029481062,-0.51170568561872909,0.15455908310789127
Dallas,-0.016675824029481062,-0.50501672240802675,0.15647705403053289
Dallas,-0.016675824029481062,-0.49832775919732442,0.15912547994898796
Dallas,-0.016675824029481062,-0.49163879598662208,0.16252775267973371
Dallas,-0.016675824029481062,-0.48494983277591974,0.16667085797056444
Dallas,-0.016675824029481062,-0.47826086956521741,0.17151535237618229
Dallas,-0.016675824029481062,-0.47157190635451507,0.17700606231597241
Dallas,-0.016675824029481062,-0.46488294314381273,0.18308136562553137
Dallas,-0.016675824029481062,-0.4581939799331104,0.1896796931462395
Dallas,-0.016675824029481062,-0.45150501672240806,0.19674292016306497
Dallas,-0.016675824029481062,-0.44481605351170572,0.20421730954429393
Dallas,-0.016675824029481062,-0.43812709030100339,0.21205335033191572
Dallas,-0.016675824029481062,-0.43143812709030105,0.22020603062653465
Dallas,-0.016675824029481062,-0.42474916387959871,0.22863675319983306
Dallas,-0.016675824029481062,-0.41806020066889638,0.23731735596947767
Dallas,-0.016675824029481062,-0.41137123745819404,0.2462357668341896
Dallas,-0.016675824029481062,-0.4046822742474917,0.25540199051283274
Dallas,-0.016675824029481062,-0.39799331103678925,0.26485265716617229
Dallas,-0.016675824029481062,-0.39130434782608692,0.27465241953111164
Dallas,-0.016675824029481062,-0.38461538461538458,0.2848910737795311
Dallas,-0.016675824029481062,-0.37792642140468224,0.295676244760047
Dallas,-0.016675824029481062,-0.37123745819397991,0.30712254561971075
Dallas,-0.016675824029481062,-0.36454849498327757,0.31933898560889928
Dallas,-0.016675824029481062,-0.35785953177257523,0.33241680884744634
Dallas,-0.016675824029481062,-0.3511705685618729,0.34641979032427084
Dallas,-0.016675824029481062,-0.34448160535117056,0.36137835399346468
Dallas,-0.016675824029481062,-0.33779264214046822,0.37728791808003109
Dallas,-0.016675824029481062,-0.33110367892976589,0.3941108947058426
Dallas,-0.016675824029481062,-0.32441471571906355,0.41178103806476474
Dallas,-0.016675824029481062,-0.31772575250836121,0.43020852112474839
Dallas,-0.016675824029481062,-0.31103678929765888,0.44928427622094153
Dallas,-0.016675824029481062,-0.30434782608695654,0.46888269752455258
Dallas,-0.016675824029481062,-0.2976588628762542,0.48886262974672284
Dallas,-0.016675824029481062,-0.29096989966555187,0.50906746509143219
Dallas,-0.016675824029481062,-0.28428093645484953,0.5293259187810142
Dallas,-0.016675824029481062,-0.27759197324414719,0.54945542251127322
Dallas,-0.016675824029481062,-0.27090301003344486,0.56926986329921547
Dallas,-0.016675824029481062,-0.26421404682274252,0.58859249705000261
Dallas,-0.016675824029481062,-0.25752508361204018,0.60727335596280718
Dallas,-0.016675824029481062,-0.25083612040133785,0.625208655163213
Dallas,-0.016675824029481062,-0.24414715719063551,0.6423581056754516
Dallas,-0.016675824029481062,-0.23745819397993317,0.65875525940997826
Dallas,-0.016675824029481062,-0.23076923076923084,0.67450652338682315
Dallas,-0.016675824029481062,-0.22408026755852839,0.68977642257524385
Dallas,-0.016675824029481062,-0.21739130434782605,0.70475973826392824
Dallas,-0.016675824029481062,-0.21070234113712372,0.71964454920008003
Dallas,-0.016675824029481062,-0.20401337792642138,0.73457298132086857
Dallas,-0.016675824029481062,-0.19732441471571904,0.74960774531126395
Dallas,-0.016675824029481062,-0.19063545150501671,0.7647118249794076
Dallas,-0.016675824029481062,-0.18394648829431437,0.77974607246871275
Dallas,-0.016675824029481062,-0.17725752508361203,0.79448563742622269
Dallas,-0.016675824029481062,-0.1705685618729097,0.80865213427742677
Dallas,-0.016675824029481062,-0.16387959866220736,0.82195529015924429
Dallas,-0.016675824029481062,-0.15719063545150502,0.8341362684863628
Dallas,-0.016675824029481062,-0.15050167224080269,0.84500516815532456
Dallas,-0.016675824029481062,-0.14381270903010035,0.8544670561763914
Dallas,-0.016675824029481062,-0.13712374581939801,0.86253361997984734
Dallas,-0.016675824029481062,-0.13043478260869568,0.86932032414362126
Dallas,-0.016675824029481062,-0.12374581939799334,0.87503117111020201
Dallas,-0.016675824029481062,-0.117056856187291,0.87993446261045472
Dallas,-0.016675824029481062,-0.11036789297658867,0.88433335596883667
Dallas,-0.016675824029481062,-0.10367892976588633,0.88853477980508233
Dallas,-0.016675824029481062,-0.096989966555183993,0.89281977497023646
Dallas,-0.016675824029481062,-0.090301003344481656,0.89741783785379248
Dallas,-0.016675824029481062,-0.08361204013377932,0.9024874667129571
Dallas,-0.016675824029481062,-0.076923076923076983,0.90810476899327497
Dallas,-0.016675824029481062,-0.070234113712374646,0.91426149578508364
Dallas,-0.016675824029481062,-0.063545150501672309,0.92087305523252438
Dallas,-0.016675824029481062,-0.056856187290969862,0.92779585956471466
Dallas,-0.016675824029481062,-0.050167224080267525,0.93485189035224903
Dallas,-0.016675824029481062,-0.043478260869565188,0.94185690079728768
Dallas,-0.016675824029481062,-0.036789297658862852,0.94864759850751446
Dallas,-0.016675824029481062,-0.030100334448160515,0.95510286263778055
Dallas,-0.016675824029481062,-0.023411371237458178,0.96115482651606854
Dallas,-0.016675824029481062,-0.016722408026755842,0.96678754422021318
Dallas,-0.016675824029481062,-0.010033444816053505,0.97202367556930824
Dallas,-0.016675824029481062,-0.0033444816053511683,0.97690255757928346
Dallas,-0.016675824029481062,0.0033444816053511683,0.98145535681878304
Dallas,-0.016675824029481062,0.010033444816053505,0.98568391574112946
Dallas,-0.016675824029481062,0.016722408026755842,0.98954894221749901
Dallas,-0.016675824029481062,0.023411371237458178,0.99297044723796191
Dallas,-0.016675824029481062,0.030100334448160515,0.99583956190537071
Dallas,-0.016675824029481062,0.036789297658862852,0.99803727599705716
Dallas,-0.016675824029481062,0.043478260869565188,0.99945350182812376
Dallas,-0.016675824029481062,0.050167224080267525,1
Dallas,-0.016675824029481062,0.056856187290969862,0.99961311912424511
Dallas,-0.016675824029481062,0.063545150501672198,0.99824614493623109
Dallas,-0.016675824029481062,0.070234113712374535,0.99585491087583844
Dallas,-0.016675824029481062,0.076923076923076872,0.99238277400260833
Dallas,-0.016675824029481062,0.083612040133779209,0.98775125276814335
Dallas,-0.016675824029481062,0.090301003344481545,0.98186059353110489
Dallas,-0.016675824029481062,0.096989966555183882,0.97460115134390257
Dallas,-0.016675824029481062,0.10367892976588622,0.96587303601728502
Dallas,-0.016675824029481062,0.11036789297658856,0.95560915688608172
Dallas,-0.016675824029481062,0.11705685618729089,0.94379619286516325
Dallas,-0.016675824029481062,0.12374581939799323,0.930488988295886
Dallas,-0.016675824029481062,0.13043478260869557,0.91581576269516796
Dallas,-0.016675824029481062,0.1371237458193979,0.89997351118576818
Dallas,-0.016675824029481062,0.14381270903010024,0.88321448494355437
Dallas,-0.016675824029481062,0.15050167224080258,0.86582552275672064
Dallas,-0.016675824029481062,0.15719063545150491,0.84810245542070817
Dallas,-0.016675824029481062,0.16387959866220725,0.83032213536879729
Dallas,-0.016675824029481062,0.17056856187290959,0.81271502310957955
Dallas,-0.016675824029481062,0.17725752508361192,0.79544159777010737
Dallas,-0.016675824029481062,0.18394648829431426,0.77857587018279373
Dallas,-0.016675824029481062,0.1906354515050166,0.76209869069304614
Dallas,-0.016675824029481062,0.19732441471571893,0.74590229008748821
Dallas,-0.016675824029481062,0.20401337792642149,0.72980577958977999
Dallas,-0.016675824029481062,0.21070234113712383,0.71357957503695202
Dallas,-0.016675824029481062,0.21739130434782616,0.69697533718278537
Dallas,-0.016675824029481062,0.2240802675585285,0.67975732615756279
Dallas,-0.016675824029481062,0.23076923076923084,0.66173112118173982
Dallas,-0.016675824029481062,0.23745819397993317,0.64276633224236313
Dallas,-0.016675824029481062,0.24414715719063551,0.6228110090632395
Dallas,-0.016675824029481062,0.25083612040133785,0.60189671135488554
Dallas,-0.016675824029481062,0.25752508361204018,0.58013445700202082
Dallas,-0.016675824029481062,0.26421404682274252,0.55770285612943316
Dallas,-0.016675824029481062,0.27090301003344486,0.53483053120179358
Dallas,-0.016675824029481062,0.27759197324414719,0.51177531326997427
Dallas,-0.016675824029481062,0.28428093645484953,0.48880266899950259
Dallas,-0.016675824029481062,0.29096989966555187,0.46616544459503273
Dallas,-0.016675824029481062,0.2976588628762542,0.44408650011844142
Dallas,-0.016675824029481062,0.30434782608695654,0.42274535250094208
Dallas,-0.016675824029481062,0.31103678929765888,0.40226965313456209
Dallas,-0.016675824029481062,0.31772575250836121,0.38273214128904814
Dallas,-0.016675824029481062,0.32441471571906355,0.36415345411112815
Dallas,-0.016675824029481062,0.33110367892976589,0.34651064748933996
Dallas,-0.016675824029481062,0.33779264214046822,0.32975043935310638
Dallas,-0.016675824029481062,0.34448160535117056,0.31380519885391972
Dallas,-0.016675824029481062,0.3511705685618729,0.29860892115372245
Dallas,-0.016675824029481062,0.35785953177257523,0.28411022235945521
Dallas,-0.016675824029481062,0.36454849498327757,0.27027997032829071
Dallas,-0.016675824029481062,0.37123745819397991,0.2571124498127052
Dallas,-0.016675824029481062,0.37792642140468224,0.2446205739635969
Dallas,-0.016675824029481062,0.38461538461538458,0.23282708224254667
Dallas,-0.016675824029481062,0.39130434782608692,0.22175445330277216
Dallas,-0.016675824029481062,0.39799331103678925,0.21141619723202065
Dallas,-0.016675824029481062,0.40468227424749159,0.20181137332425414
Dallas,-0.016675824029481062,0.41137123745819393,0.19292295718424984
Dallas,-0.016675824029481062,0.41806020066889626,0.18471950092168138
Dallas,-0.016675824029481062,0.4247491638795986,0.1771587608363645
Dallas,-0.016675824029481062,0.43143812709030094,0.17019177804993116
Dallas,-0.016675824029481062,0.43812709030100327,0.16376623379795244
Dallas,-0.016675824029481062,0.44481605351170561,0.15782854453863371
Dallas,-0.016675824029481062,0.45150501672240795,0.15232484045735331
Dallas,-0.016675824029481062,0.45819397993311028,0.14720146059730146
Dallas,-0.016675824029481062,0.46488294314381262,0.14240578214332339
Dallas,-0.016675824029481062,0.47157190635451496,0.13788807594945729
Dallas,-0.016675824029481062,0.47826086956521729,0.13360472007631094
Dallas,-0.016675824029481062,0.48494983277591963,0.12952261801636564
Dallas,-0.016675824029481062,0.49163879598662197,0.12562417116270089
Dallas,-0.016675824029481062,0.4983277591973243,0.12191174757571704
Dallas,-0.016675824029481062,0.50501672240802664,0.11841036044972594
Dallas,-0.016675824029481062,0.51170568561872898,0.11516729438960094
Dallas,-0.016675824029481062,0.51839464882943131,0.112247742503534
Dallas,-0.016675824029481062,0.52508361204013365,0.10972613841276393
Dallas,-0.016675824029481062,0.53177257525083599,0.10767370767491644
Dallas,-0.016675824029481062,0.53846153846153832,0.10614366788706101
Dallas,-0.016675824029481062,0.54515050167224088,0.10515626637368218
Dallas,-0.016675824029481062,0.55183946488294322,0.10468624644595013
Dallas,-0.016675824029481062,0.55852842809364556,0.10465522780305661
Dallas,-0.016675824029481062,0.56521739130434789,0.10493084182649814
Dallas,-0.016675824029481062,0.57190635451505023,0.10533338714148173
Dallas,-0.016675824029481062,0.57859531772575257,0.10564949239614194
Dallas,-0.016675824029481062,0.5852842809364549,0.10565107584856619
Dallas,-0.016675824029481062,0.59197324414715724,0.1051170342326597
Dallas,-0.016675824029481062,0.59866220735785958,0.10385473817872692
Dallas,-0.016675824029481062,0.60535117056856191,0.10171858407270312
Dallas,-0.016675824029481062,0.61204013377926425,0.098623450852763334
Dallas,-0.016675824029481062,0.61872909698996659,0.094551754051840381
Dallas,-0.016675824029481062,0.62541806020066892,0.08955368611860974
Dallas,-0.016675824029481062,0.63210702341137126,0.083741036110601602
Dallas,-0.016675824029481062,0.6387959866220736,0.077275620803184022
Dallas,-0.016675824029481062,0.64548494983277593,0.070353822254589554
Dallas,-0.016675824029481062,0.65217391304347827,0.063189027894338834
Dallas,-0.016675824029481062,0.65886287625418061,0.05599390971638054
Dallas,-0.016675824029481062,0.66555183946488294,0.048964433308386832
Dallas,-0.016675824029481062,0.67224080267558528,0.042267218579322093
Dallas,-0.016675824029481062,0.67892976588628762,0.036031371813717884
Dallas,-0.016675824029481062,0.68561872909698995,0.030345222960254877
Dallas,-0.016675824029481062,0.69230769230769229,0.025257650605992228
Dallas,-0.016675824029481062,0.69899665551839463,0.020783018107172518
Dallas,-0.016675824029481062,0.70568561872909696,0.016908324621130302
Dallas,-0.016675824029481062,0.7123745819397993,0.013601077312081341
Dallas,-0.016675824029481062,0.71906354515050164,0.0108166064817937
Dallas,-0.016675824029481062,0.72575250836120397,0.0085039794545081135
Dallas,-0.016675824029481062,0.73244147157190631,0.0066101800452660186
Dallas,-0.016675824029481062,0.73913043478260865,0.0050826693160242542
Dallas,-0.016675824029481062,0.74581939799331098,0.0038707350291345257
Dallas,-0.016675824029481062,0.75250836120401332,0.0029261398192997759
Dallas,-0.016675824029481062,0.75919732441471566,0.0022035176952131508
Dallas,-0.016675824029481062,0.76588628762541799,0.00166080745135357
Dallas,-0.016675824029481062,0.77257525083612033,0.0012598220419150817
Dallas,-0.016675824029481062,0.77926421404682267,0.00096689496319155965
Dallas,-0.016675824029481062,0.785953177257525,0.0007534539033653289
Dallas,-0.016675824029481062,0.79264214046822734,0.00059635720927045464
Dallas,-0.016675824029481062,0.79933110367892968,0.00047787672957770231
Dallas,-0.016675824029481062,0.80602006688963201,0.00038529427757042254
Dallas,-0.016675824029481062,0.81270903010033435,0.00031016727581949704
Dallas,-0.016675824029481062,0.81939799331103669,0.00024738578820925029
Dallas,-0.016675824029481062,0.82608695652173902,0.00019417261040312263
Dallas,-0.016675824029481062,0.83277591973244136,0.00014916801840106987
Dallas,-0.016675824029481062,0.8394648829431437,0.00011170030269378419
Dallas,-0.016675824029481062,0.84615384615384603,8.1288254561446153e-05
Dallas,-0.016675824029481062,0.85284280936454837,5.7369050473265052e-05
Dallas,-0.016675824029481062,0.85953177257525071,3.9206948674504354e-05
Dallas,-0.016675824029481062,0.86622073578595304,2.5920332970411489e-05
Dallas,-0.016675824029481062,0.87290969899665538,1.6565511309201611e-05
Dallas,-0.016675824029481062,0.87959866220735772,1.0229296304955064e-05
Dallas,-0.016675824029481062,0.88628762541806028,6.1012486228656962e-06
Dallas,-0.016675824029481062,0.89297658862876261,3.5141804436506111e-06
Dallas,-0.016675824029481062,0.89966555183946495,1.9543074385552497e-06
Dallas,-0.016675824029481062,0.90635451505016729,1.0492463810460232e-06
Dallas,-0.016675824029481062,0.91304347826086962,5.4380685506676851e-07
Dallas,-0.016675824029481062,0.91973244147157196,2.720641789931216e-07
Dallas,-0.016675824029481062,0.9264214046822743,1.3138366850272551e-07
Dallas,-0.016675824029481062,0.93311036789297663,6.1241160460814309e-08
Dallas,-0.016675824029481062,0.93979933110367897,2.7553037799566058e-08
Dallas,-0.016675824029481062,0.94648829431438131,1.1965035887106818e-08
Dallas,-0.016675824029481062,0.95317725752508364,5.0150238588972398e-09
Dallas,-0.016675824029481062,0.95986622073578598,2.0288207518348052e-09
Dallas,-0.016675824029481062,0.96655518394648832,7.9218030655074275e-10
Dallas,-0.016675824029481062,0.97324414715719065,2.9854697854288863e-10
Dallas,-0.016675824029481062,0.97993311036789299,1.0859468948644348e-10
Dallas,-0.016675824029481062,0.98662207357859533,3.8125104872575108e-11
Dallas,-0.016675824029481062,0.99331103678929766,1.2918721777733328e-11
Dallas,-0.016675824029481062,1,4.2250681251637236e-12
